Position,Time Elapsed by Quarter,Player Game Time,Game Time (%),Period Name,Distance/m,Meters / min,Max Velocity,Player Load,Player Load / min,Player Load / metre,Vel Zone 1 Dist,Vel Zone 2 Dist,Vel Zone 3 Dist,Vel Zone 4 Dist,High Intensity Running %,High Intensity Accels,High Intensity Decels,Vel Zone 5 Dist,Vel Zone 6 Dist,Vel Zone 1 Dist %,Vel Zone 2 Dist %,Vel Zone 3 Dist %,Vel Zone 4 Dist %,Vel Zone 5 Dist %,Vel Zone 6 Dist %,Vel Zone 1 Time,Vel Zone 2 Time,Vel Zone 3 Time,Vel Zone 4 Time,Vel Zone 5 Time,Vel Zone 6 Time,Vel Zone 1 Time %,Vel Zone 2 Time %,Vel Zone 3 Time %,Vel Zone 4 Time %,Vel Zone 5 Time %,Vel Zone 6 Time %,Vel Zone 2 Efforts,Vel Zone 3 Efforts,Vel Zone 4 Efforts,Vel Zone 5 Efforts,Vel Zone 6 Efforts,Vel Zone 2 Avg Effort Dist,Vel Zone 3 Avg Effort Dist,Vel Zone 4 Avg Effort Dist,Vel Zone 5 Avg Effort Dist,Vel Zone 6 Avg Effort Dist,Vel Zone 2 Avg Effort Time,Vel Zone 3 Avg Effort Time,Vel Zone 4 Avg Effort Time,Vel Zone 5 Avg Effort Time,Vel Zone 6 Avg Effort Time,Vel Zone 2 Min Effort Dist,Vel Zone 3 Min Effort Dist,Vel Zone 4 Min Effort Dist,Vel Zone 5 Min Effort Dist,Vel Zone 6 Min Effort Dist,Vel Zone 2 Min Effort Time,Vel Zone 3 Min Effort Time,Vel Zone 4 Min Effort Time,Vel Zone 5 Min Effort Time,Vel Zone 6 Min Effort Time,Vel Zone 2 Max Effort Dist,Vel Zone 3 Max Effort Dist,Vel Zone 4 Max Effort Dist,Vel Zone 5 Max Effort Dist,Vel Zone 6 Max Effort Dist,Vel Zone 2 Max Effort Time,Vel Zone 3 Max Effort Time,Vel Zone 4 Max Effort Time,Vel Zone 5 Max Effort Time,Vel Zone 6 Max Effort Time,Vel Zone 2 Efforts 0-5m,Vel Zone 3 Efforts 0-5m,Vel Zone 4 Efforts 0-5m,Vel Zone 2 Efforts 5-10m,Vel Zone 3 Efforts 5-10m,Vel Zone 4 Efforts 5-10m,Vel Zone 5 Efforts 5-10m,Vel Zone 6 Efforts 5-10m,Vel Zone 2 Efforts 10-40m,Vel Zone 3 Efforts 10-40m,Vel Zone 4 Efforts 10-40m,Vel Zone 5 Efforts 10-40m,Vel Zone 6 Efforts 10-40m,Vel Zone 2 Efforts 40m+,Vel Zone 3 Efforts 40m+,Vel Zone 4 Efforts 40m+,Vel Zone 5 Efforts 40m+,Vel Zone 6 Efforts 40m+,Acc. Zone 1 Efforts,Acc. Zone 2 Efforts,Acc. Zone 3 Efforts,Acc. Zone 4 Efforts,Acc. Zone 5 Efforts,Acc. Zone 6 Efforts,Acc. Zone 7 Efforts,Acc. Zone 8 Efforts,Acc. Zone 1 Dist,Acc. Zone 2 Dist,Acc. Zone 3 Dist,Acc. Zone 4 Dist,Acc. Zone 5 Dist,Acc. Zone 6 Dist,Acc. Zone 7 Dist,Acc. Zone 8 Dist,Acc. Zone 1 Dist %,Acc. Zone 2 Dist %,Acc. Zone 3 Dist %,Acc. Zone 4 Dist %,Acc. Zone 5 Dist %,Acc. Zone 6 Dist %,Acc. Zone 7 Dist %,Acc. Zone 8 Dist %,Acc. Zone 1 Time,Acc. Zone 2 Time,Acc. Zone 3 Time,Acc. Zone 4 Time,Acc. Zone 5 Time,Acc. Zone 6 Time,Acc. Zone 7 Time,Acc. Zone 8 Time,Acc. Zone 1 Time %,Acc. Zone 2 Time %,Acc. Zone 3 Time %,Acc. Zone 4 Time %,Acc. Zone 5 Time %,Acc. Zone 6 Time %,Acc. Zone 7 Time %,Acc. Zone 8 Time %,P.L. Zone 1,P.L. Zone 2,P.L. Zone 3,P.L. Zone 4,Peak Meta. Power (W/kg),Meta. Energy (KJ/kg),Meta. Energy (Cal/kg),Estimated Dist,EDI,Meta. Power Zone 1 Time,Meta. Power Zone 2 Time,Meta. Power Zone 3 Time,Meta. Power Zone 4 Time,Meta. Power Zone 5 Time,Meta. Power Zone 1 Time %,Meta. Power Zone 2 Time %,Meta. Power Zone 3 Time %,Meta. Power Zone 4 Time %,Meta. Power Zone 5 Time %,Meta. Power Zone 2 Efforts,Meta. Power Zone 3 Efforts,Meta. Power Zone 4 Efforts,Meta. Power Zone 5 Efforts,Meta. Power Zone 1 Avg Power,Meta. Power Zone 2 Avg Power,Meta. Power Zone 3 Avg Power,Meta. Power Zone 4 Avg Power,Meta. Power Zone 5 Avg Power,IMA Accel Low,IMA Accel Med,IMA Accel High,IMA Decel Low,IMA Decel Med,IMA Decel High,IMA CoD Left Low,IMA CoD Left Med,IMA CoD Left High,IMA CoD Right Low,IMA CoD Right Med,IMA CoD Right High,IMA Free Running Total Event Count,HS Distance ,Intense Deccels,Intense Accels,IMA Low CoD,IMA Med CoD,IMA High CoD ,IMA High CoD/min,mins,mins(coverted),IMA CoD Total ,IMA Low CoD L %,IMA Low CoD R %,IMA Med CoD L %,IMA Med CoD R %,IMA High CoD L %,IMA High CoD R %,% High CoD Movements ,IMA Accels,IMA Deccels,IMA % Low Accels,IMA % Med Accels,IMA % Max Accels,IMA % Low Deccels,IMA % Med Deccels,IMA % Max Deccels,Distance Z3 to Z6,Distance Z4 to Z6,Sprints
DEF,31.48,30.03,95.40,Qtr 1,3326.00,110.7,8.4,356.06,11.855,0.107,696,662,778,861,9.9,122,100,285,44,20.9,19.9,23.4,25.9,8.6,1.3,0:16:11,0:05:52,0:03:48,0:03:13,0:00:50,0:00:06,53,19,12,10,2,0,125,48,49,21,3,5.7,16.1,18.0,14.3,15.7,2.8,4.6,3.9,2.4,2.0,1.5,3.1,4.0,5.5,7.2,1.0,1.0,1.0,1.0,1.0,38.1,85.1,86.1,42.9,23.6,15.0,24.0,19.0,7.0,3.0,75,11,17,33,9,7,9,1,17,24,21,11,2,0,4,4,1,0,100,49,130,266,329,128,66,122,171,107,435,817,862,391,172,459,5,3,13,24,25,11,5,13,0:01:58,0:00:51,0:02:38,0:06:45,0:11:40,0:02:28,0:01:06,0:02:30,6,2,8,22,38,8,3,8,355.91,0.15,0.00,0.00,328.6,17.38,4.15,4530,1.36,0:16:41,0:06:47,0:02:23,0:00:25,0:00:14,55,22,7,1,0,214,50,4,0,4.73,14.84,24.58,42.70,72.99,20,5,3,36,6,7,94,8,5,69,6,4,128,329,279,316,163,14,9,0.29,0.02,31.33,186.00,57.67,42.33,57,43,56,1392,5,28,49,71,18,11,73,12,14,1968,1190,24
MID,31.48,21.33,67.77,Qtr 1,3076.00,144.2,8.3,308.10,14.442,0.100,339,741,740,755,16.3,0,0,375,126,11.0,24.1,24.1,24.5,12.2,4.1,0:07:53,0:05:52,0:03:33,0:02:43,0:01:00,0:00:16,37,27,16,12,4,1,53,36,35,15,4,12.9,19.9,20.8,24.2,31.5,6.1,5.7,4.5,4.0,4.1,1.5,3.6,4.7,6.8,20.3,1.0,1.0,1.0,1.2,2.7,51.9,68.9,67.8,60.0,55.2,26.0,19.9,13.3,9.5,7.4,15,3,1,13,7,11,3,0,23,23,18,9,3,2,3,5,3,1,0,0,1,259,386,1,0,0,6,5,53,1188,1717,66,6,7,0,0,1,38,55,2,0,0,0:00:02,0:00:01,0:00:18,0:07:31,0:12:57,0:00:22,0:00:02,0:00:03,0,0,1,35,60,1,0,0,305.76,1.05,0.57,0.72,135.5,14.75,3.53,3959,1.29,0:11:03,0:05:41,0:02:41,0:00:39,0:00:07,51,26,12,3,0,102,55,19,3,5.03,14.78,25.62,42.38,67.21,22,7,0,11,7,5,55,1,1,53,1,5,163,501,1,1,108,2,6,0.19,0.02,31.33,116.00,50.93,49.07,50,50,17,2611,5,29,23,76,24,0,48,30,22,1996,1256,19
DEF,31.48,30.82,97.89,Qtr 1,3836.00,124.5,8.3,365.53,11.862,0.095,603,1047,779,982,11.1,129,116,368,57,15.7,27.3,20.3,25.6,9.6,1.5,0:13:15,0:08:49,0:03:51,0:03:40,0:01:04,0:00:08,42,28,12,11,3,0,132,53,53,24,3,8.2,15.3,19.3,16.0,19.9,4.0,4.4,4.2,2.7,2.7,1.5,3.1,4.0,5.5,7.1,1.0,1.0,1.0,1.0,1.0,49.6,62.2,80.8,69.4,38.4,22.0,18.0,17.0,12.0,5.0,58,13,9,35,10,12,9,1,38,27,27,14,2,1,3,5,1,0,116,60,145,284,340,150,65,129,246,131,425,946,1020,498,153,544,6,3,11,24,26,12,4,14,0:02:21,0:01:04,0:02:50,0:07:33,0:10:17,0:02:56,0:01:11,0:02:35,7,3,9,24,33,9,3,8,363.86,1.67,0.00,0.00,288.7,20.40,4.87,5345,1.39,0:17:25,0:07:41,0:03:03,0:00:29,0:00:18,56,24,9,1,0,234,64,1,0,5.13,14.61,24.56,42.90,72.18,32,5,2,34,7,1,72,9,4,91,12,4,217,425,321,344,163,21,8,0.26,0.02,31.33,192.00,44.17,55.83,43,57,50,1567,4,39,42,82,13,5,81,17,2,2186,1407,27
MID,31.48,26.63,84.60,Qtr 1,3795.00,142.5,8.2,381.00,14.306,0.100,520,895,720,956,18.6,0,0,591,113,13.7,23.6,19.0,25.2,15.6,3.0,0:11:09,0:06:52,0:03:24,0:03:20,0:01:36,0:00:14,41,25,12,12,6,0,75,46,41,20,4,11.6,15.0,22.5,25.6,27.9,5.3,4.3,4.8,4.2,3.6,1.5,3.6,4.1,9.1,7.1,1.0,1.1,1.0,1.4,1.0,40.9,36.5,76.0,57.6,64.3,21.7,11.1,15.9,10.0,8.3,20,2,1,23,13,12,3,1,30,31,23,13,2,2,0,5,4,1,0,0,1,345,536,1,0,0,5,6,73,1368,2173,87,7,13,0,0,1,36,57,2,0,0,0:00:02,0:00:02,0:00:25,0:09:06,0:16:21,0:00:29,0:00:03,0:00:06,0,0,1,34,61,1,0,0,379.05,1.18,0.77,0.00,135.0,18.06,4.32,4854,1.28,0:14:41,0:06:18,0:03:39,0:00:46,0:00:10,55,23,13,2,0,120,55,23,4,4.71,14.48,25.76,41.84,68.16,25,6,3,18,7,7,97,6,5,51,2,2,138,704,1,1,148,8,7,0.22,0.02,31.33,163.00,65.54,34.46,75,25,71,895,4,34,32,74,18,9,56,22,22,2380,1660,24
DEF,31.48,27.78,88.26,Qtr 1,3596.00,129.4,8.2,364.11,13.105,0.101,709,950,694,726,14.4,0,0,420,97,19.7,26.4,19.3,20.2,11.7,2.7,0:12:53,0:07:39,0:03:18,0:02:34,0:01:07,0:00:13,46,27,11,9,4,0,84,36,37,17,5,10.7,18.5,19.1,24.0,19.4,5.2,5.4,4.1,4.0,2.6,1.5,4.1,4.1,9.8,9.9,1.0,1.3,1.0,1.7,1.4,54.3,55.6,63.2,49.9,29.9,24.8,16.1,13.0,8.3,4.1,34,4,5,22,10,11,2,1,24,18,16,13,4,4,4,5,2,0,0,0,2,366,557,1,0,0,6,7,59,1314,2055,78,6,5,0,0,1,36,57,2,0,0,0:00:02,0:00:03,0:00:20,0:10:00,0:16:49,0:00:26,0:00:02,0:00:02,0,0,1,36,60,1,0,0,362.70,1.41,0.00,0.00,153.7,16.97,4.06,4550,1.27,0:17:53,0:05:48,0:02:46,0:00:37,0:00:09,64,20,10,2,0,119,52,19,4,5.04,14.30,25.54,41.99,69.10,28,6,5,29,2,3,80,4,5,78,8,2,159,517,2,1,158,12,7,0.22,0.02,31.33,177.00,50.63,49.37,33,67,71,895,4,39,34,72,15,13,85,6,9,1937,1243,22
FWD,31.48,31.48,100.01,Qtr 1,4021.00,127.7,8.2,328.58,10.437,0.082,815,1176,665,813,13.7,0,0,411,141,20.3,29.2,16.5,20.2,10.2,3.5,0:14:57,0:09:03,0:03:11,0:02:53,0:01:05,0:00:18,47,28,10,9,3,0,98,48,41,17,4,11.6,13.4,19.4,23.7,35.1,5.4,3.9,4.2,3.9,4.6,1.6,3.6,4.5,6.9,22.6,1.0,1.0,1.1,1.2,3.0,82.4,44.8,73.1,50.8,60.0,33.3,13.7,16.7,8.0,7.9,28,8,1,27,16,10,3,0,41,22,26,12,3,2,2,4,2,1,0,0,1,401,606,4,0,0,5,4,44,1594,2211,80,10,8,0,0,1,39,55,2,0,0,0:00:02,0:00:01,0:00:16,0:12:07,0:18:17,0:00:31,0:00:06,0:00:05,0,0,0,38,58,1,0,0,327.71,0.88,0.00,0.00,129.7,18.77,4.49,4947,1.23,0:19:43,0:07:24,0:02:38,0:00:41,0:00:09,62,23,8,2,0,129,46,22,5,5.02,14.16,25.77,42.29,65.96,14,3,3,27,5,1,55,5,3,49,6,3,197,552,1,4,104,11,6,0.19,0.02,31.33,121.00,52.88,47.12,45,55,50,1567,5,20,33,70,15,15,82,15,3,2030,1365,21
FWD,31.48,27.70,87.99,Qtr 1,3049.00,110.1,8.0,260.55,9.406,0.085,732,995,644,380,9.8,0,0,255,43,24.0,32.6,21.1,12.5,8.4,1.4,0:14:03,0:08:05,0:03:06,0:01:18,0:00:41,0:00:05,50,29,11,4,2,0,80,37,24,12,2,12.0,17.2,15.2,20.2,21.3,5.9,5.0,3.2,3.3,2.8,1.6,3.4,4.1,5.5,10.8,1.0,1.0,1.0,1.0,1.5,51.8,61.7,42.3,79.5,31.8,28.6,17.9,8.5,12.5,4.1,26,4,3,20,9,7,5,0,32,21,13,6,2,2,3,1,1,0,0,0,1,329,578,2,0,0,7,6,45,1077,1746,60,10,7,0,0,1,35,57,1,0,0,0:00:02,0:00:02,0:00:16,0:09:03,0:17:22,0:00:25,0:00:05,0:00:02,0,0,0,32,62,1,0,0,260.55,0.00,0.00,0.00,178.1,14.25,3.41,3781,1.24,0:19:29,0:05:03,0:01:41,0:00:23,0:00:08,70,18,6,1,0,110,43,11,2,4.90,13.99,25.56,42.10,68.74,22,9,2,25,8,1,83,14,11,105,8,3,112,298,1,2,188,22,14,0.45,0.02,31.33,224.00,44.15,55.85,64,36,79,671,6,33,34,67,27,6,74,24,3,1322,678,14
MID,31.48,20.80,66.07,Qtr 1,2791.00,134.2,7.9,344.73,16.574,0.124,250,794,648,667,15.5,82,69,388,44,9.0,28.4,23.2,23.9,13.9,1.6,0:07:25,0:06:19,0:03:16,0:02:32,0:01:06,0:00:06,35,30,15,12,5,0,65,42,33,15,1,12.6,15.5,19.8,26.4,44.9,5.8,4.4,4.3,4.4,6.0,1.5,3.1,4.1,5.6,44.9,1.0,1.0,1.0,1.0,6.0,50.6,94.5,77.2,63.8,44.9,25.0,26.0,17.0,10.0,6.0,21,12,6,16,9,5,3,0,26,18,19,8,0,2,3,3,4,1,69,44,105,200,209,90,50,82,154,65,314,807,730,344,127,352,5,2,11,28,26,12,4,12,0:01:17,0:00:46,0:02:04,0:04:53,0:07:24,0:01:45,0:00:51,0:01:43,6,3,9,23,35,8,4,8,343.63,1.12,0.00,0.00,264.2,14.92,3.57,3840,1.38,0:10:02,0:06:23,0:02:24,0:00:22,0:00:14,48,30,11,1,1,190,37,1,0,4.77,14.49,24.92,43.29,71.90,14,2,2,32,9,3,73,7,7,62,7,6,121,432,218,222,135,14,13,0.41,0.02,31.33,162.00,54.07,45.93,50,50,54,1446,8,18,44,78,11,11,73,20,7,1747,1099,16
FWD,31.48,28.50,90.53,Qtr 1,3622.00,127.1,7.7,342.30,12.011,0.095,760,994,523,776,15.7,0,0,404,165,21.0,27.4,14.4,21.4,11.2,4.6,0:13:48,0:08:00,0:02:29,0:02:44,0:01:05,0:00:21,48,28,8,9,3,1,78,37,42,18,7,12.4,13.2,18.3,21.6,22.9,6.0,3.8,3.9,3.5,3.1,1.7,4.1,4.1,9.6,9.9,1.1,1.2,1.0,1.6,1.4,82.9,33.1,49.3,50.8,76.9,40.8,9.8,10.0,8.2,10.3,26,3,2,19,13,9,1,1,30,21,27,14,5,3,0,4,3,1,0,0,1,372,594,1,0,0,5,4,60,1338,2076,89,8,8,0,0,1,36,57,2,0,0,0:00:02,0:00:01,0:00:20,0:09:56,0:17:27,0:00:31,0:00:05,0:00:04,0,0,1,34,61,1,0,0,336.83,1.29,3.29,0.89,131.2,17.32,4.14,4560,1.26,0:18:32,0:05:23,0:02:49,0:00:42,0:00:10,65,18,9,2,0,112,51,23,5,5.15,14.16,25.91,42.22,67.93,26,5,5,27,3,3,53,8,8,60,6,5,139,569,1,1,113,14,13,0.41,0.02,31.33,140.00,46.90,53.10,57,43,62,1205,9,36,33,72,14,14,82,9,9,1868,1345,25
FWD,31.48,24.98,79.36,Qtr 1,2934.00,117.4,7.7,331.56,13.271,0.113,548,802,709,642,7.9,97,79,190,43,18.7,27.3,24.2,21.9,6.5,1.5,0:11:50,0:06:33,0:03:30,0:02:24,0:00:33,0:00:06,47,26,14,9,2,0,86,46,40,11,5,9.4,16.0,16.6,18.7,8.8,4.5,4.6,3.6,3.0,1.2,1.5,3.2,4.1,6.4,7.2,1.0,1.0,1.0,1.0,1.0,43.8,51.7,58.8,36.2,14.4,18.0,15.0,13.0,6.0,2.0,30,13,12,19,12,5,1,4,36,16,22,10,1,1,5,1,0,0,79,40,104,234,271,112,53,97,162,60,313,792,783,392,107,386,5,2,10,26,26,13,3,13,0:01:33,0:00:42,0:02:09,0:06:34,0:08:47,0:02:17,0:00:56,0:01:54,6,2,8,26,35,9,3,7,329.32,2.24,0.00,0.00,236.5,15.35,3.67,4018,1.37,0:14:53,0:06:05,0:01:58,0:00:20,0:00:11,59,24,7,1,0,174,46,0,0,4.93,14.70,24.89,42.59,72.62,16,1,4,29,8,3,64,9,6,71,5,5,113,233,223,262,135,14,11,0.35,0.02,31.33,160.00,47.41,52.59,64,36,55,1424,7,21,40,76,5,19,73,20,8,1584,875,16
MID,31.48,26.55,84.35,Qtr 1,3605.00,135.8,7.7,314.59,11.847,0.087,547,899,1031,708,11.7,0,0,394,26,15.2,24.9,28.6,19.6,10.9,0.7,0:11:21,0:06:37,0:04:53,0:02:32,0:01:03,0:00:03,42,24,18,9,3,0,66,48,31,13,2,13.2,21.1,21.8,25.6,12.9,5.9,6.1,4.7,4.2,1.8,1.7,3.4,4.9,6.2,11.3,1.1,1.0,1.2,1.1,1.5,35.1,74.9,63.1,85.8,14.5,14.8,20.4,14.0,14.3,2.0,13,3,1,15,13,8,3,0,38,25,16,8,2,0,7,6,2,0,0,0,0,312,478,1,0,0,5,4,45,1367,2051,70,7,3,0,0,1,37,56,1,0,0,0:00:03,0:00:01,0:00:15,0:09:11,0:16:31,0:00:26,0:00:02,0:00:01,0,0,0,34,62,1,0,0,314.59,0.00,0.00,0.00,124.5,16.91,4.04,4470,1.24,0:13:33,0:07:59,0:02:34,0:00:33,0:00:07,51,30,9,2,0,116,59,19,2,5.02,14.57,25.37,41.77,66.93,16,2,1,17,4,2,59,7,0,40,3,1,143,420,0,1,99,10,1,0.03,0.02,31.31,110.00,59.60,40.40,70,30,0,3131,1,19,23,84,11,5,74,17,9,2159,1128,15
DEF,31.48,28.70,91.17,Qtr 1,4095.00,142.7,7.6,389.22,13.562,0.095,561,985,843,1218,11.9,0,0,421,67,13.7,24.1,20.6,29.7,10.3,1.6,0:10:59,0:08:07,0:03:57,0:04:20,0:01:08,0:00:08,38,28,13,15,3,0,101,53,50,19,4,9.5,15.5,23.0,20.8,16.3,4.7,4.4,5.0,3.4,2.2,1.9,3.5,5.5,7.3,10.1,1.1,1.1,1.3,1.3,1.4,42.6,55.3,67.5,51.9,21.7,24.1,15.9,14.2,8.2,2.9,28,5,0,39,19,14,5,0,33,27,25,12,4,1,2,11,2,0,0,0,1,407,563,4,0,0,3,5,68,1607,2228,100,15,10,0,0,1,39,54,2,0,0,0:00:01,0:00:02,0:00:26,0:10:48,0:16:35,0:00:36,0:00:06,0:00:05,0,0,1,37,57,2,0,0,389.22,0.00,0.00,0.00,130.6,19.42,4.64,5245,1.28,0:16:24,0:06:57,0:03:34,0:00:43,0:00:11,57,24,12,2,0,135,79,29,5,5.12,14.99,25.17,42.17,67.76,21,0,0,31,5,5,104,8,1,58,4,2,173,488,1,4,162,12,3,0.10,0.02,31.33,177.00,64.20,35.80,67,33,33,2089,2,21,41,100,0,0,76,12,12,2549,1706,23
DEF,31.48,23.53,74.75,Qtr 1,2989.00,127.0,7.6,315.12,13.391,0.105,406,829,699,695,12.0,103,93,310,50,13.6,27.7,23.4,23.3,10.4,1.7,0:09:33,0:06:50,0:03:31,0:02:36,0:00:53,0:00:07,40,29,14,11,3,0,99,47,41,20,4,8.7,15.6,17.5,16.4,12.6,4.1,4.5,3.8,2.7,1.8,1.5,3.0,4.1,5.5,7.0,1.0,1.0,1.0,1.0,1.0,44.4,54.0,115.0,76.9,21.5,26.0,15.0,24.0,12.0,3.0,44,7,10,27,11,11,5,2,27,28,16,14,2,1,1,4,1,0,0,0,0,242,242,2,0,0,2,3,341,754,754,395,116,425,7,3,11,25,25,13,3,14,0:01:54,0:00:49,0:02:11,0:05:44,0:07:47,0:02:09,0:00:46,0:02:08,8,3,9,24,33,9,3,9,313.96,1.16,0.00,0.00,337.8,16.11,3.85,4217,1.41,0:12:41,0:06:25,0:02:19,0:00:26,0:00:14,53,27,9,1,1,213,43,2,0,4.97,14.38,25.04,42.89,71.70,19,2,2,32,4,5,58,5,3,77,5,1,153,360,0,2,135,10,4,0.13,0.02,31.33,149.00,42.96,57.04,50,50,75,783,3,23,41,83,9,9,78,10,12,1754,1055,24
DEF,31.48,30.32,96.30,Qtr 1,4362.00,143.9,7.5,401.94,13.258,0.092,567,1082,1058,1210,10.2,0,0,415,30,13.0,24.8,24.3,27.7,9.5,0.7,0:11:06,0:08:45,0:04:58,0:04:15,0:01:07,0:00:04,36,28,16,14,3,0,90,44,47,19,2,11.8,23.6,25.2,21.2,14.6,5.7,6.7,5.4,3.5,2.0,1.5,4.4,4.0,5.7,13.8,1.0,1.3,1.0,1.0,1.9,47.4,91.2,91.3,55.8,15.4,24.5,25.6,20.0,8.6,2.1,24,3,1,25,7,10,6,0,39,27,26,11,2,2,7,10,2,0,0,0,0,417,594,1,0,0,8,5,72,1586,2555,89,6,3,0,0,1,36,58,2,0,0,0:00:03,0:00:02,0:00:24,0:10:32,0:18:37,0:00:31,0:00:04,0:00:02,0,0,1,34,61,1,0,0,401.23,0.72,0.00,0.00,92.0,20.63,4.93,5406,1.24,0:16:44,0:07:43,0:04:00,0:00:45,0:00:06,55,25,13,2,0,139,74,29,0,5.38,14.69,25.39,41.97,62.70,20,3,4,21,5,3,92,5,4,80,8,2,201,445,0,1,172,13,6,0.19,0.02,31.33,191.00,53.49,46.51,38,62,67,1044,3,27,29,74,11,15,72,17,10,2713,1655,21
MID,31.48,25.10,79.73,Qtr 1,3402.00,135.5,7.4,321.27,12.800,0.094,539,839,797,841,11.3,0,0,343,43,15.8,24.7,23.4,24.7,10.1,1.3,0:10:48,0:06:21,0:03:55,0:02:57,0:00:56,0:00:05,43,25,15,11,3,0,78,45,35,16,3,10.6,17.6,23.6,20.6,13.2,4.8,5.2,5.0,3.4,1.8,1.7,3.7,7.9,7.1,9.2,1.0,1.1,1.6,1.2,1.3,38.3,74.9,92.1,49.1,16.0,18.8,22.1,19.3,7.9,2.2,15,6,0,29,12,6,3,1,34,24,25,11,2,0,3,4,2,0,0,0,2,316,490,1,0,0,7,6,58,1265,1976,73,5,3,0,0,1,37,58,2,0,0,0:00:02,0:00:02,0:00:21,0:08:59,0:15:07,0:00:27,0:00:02,0:00:02,0,0,1,35,60,1,0,0,319.71,1.56,0.00,0.00,113.4,16.24,3.88,4262,1.25,0:13:58,0:06:58,0:02:48,0:00:34,0:00:06,55,27,11,2,0,116,48,22,1,4.79,14.34,25.37,42.15,67.05,18,0,0,17,4,3,40,2,5,41,3,5,184,386,2,1,81,5,10,0.32,0.02,31.33,96.00,49.38,50.62,40,60,50,1567,10,18,24,100,0,0,71,17,13,2024,1227,19
MID,31.48,29.82,94.72,Qtr 1,4357.00,146.1,7.3,368.02,12.343,0.084,494,1113,1156,1300,6.7,0,0,273,21,11.3,25.5,26.5,29.8,6.3,0.5,0:10:07,0:08:40,0:05:31,0:04:40,0:00:45,0:00:03,33,29,18,15,2,0,71,40,42,16,1,15.6,28.7,30.7,16.7,15.9,7.3,8.3,6.6,2.8,2.2,1.5,3.9,4.5,5.6,15.9,1.0,1.1,1.1,1.0,2.2,72.0,93.4,104.4,35.8,15.9,34.4,26.2,22.0,6.2,2.2,16,1,2,17,13,8,3,0,33,15,22,13,1,5,11,10,0,0,0,0,1,374,627,1,0,0,7,8,57,1571,2579,85,7,5,0,0,1,36,59,1,0,0,0:00:03,0:00:03,0:00:21,0:10:12,0:18:29,0:00:32,0:00:04,0:00:02,0,0,1,34,62,1,0,0,367.48,0.54,0.00,0.00,143.1,20.48,4.89,5369,1.23,0:15:26,0:09:34,0:03:27,0:00:39,0:00:07,51,32,11,2,0,154,71,22,1,5.06,14.69,24.89,41.80,64.43,21,6,2,39,4,6,89,5,4,62,8,3,184,294,1,1,151,13,7,0.22,0.02,31.31,171.00,58.94,41.06,38,62,57,1342,4,29,49,72,21,7,80,8,12,2750,1594,17
FWD,31.48,31.48,100.01,Qtr 1,4061.00,129.0,7.3,334.70,10.631,0.082,635,1152,879,858,13.2,0,0,485,52,15.6,28.4,21.6,21.1,11.9,1.3,0:13:00,0:09:48,0:04:08,0:03:05,0:01:19,0:00:07,41,31,13,9,4,0,96,57,50,21,4,11.9,15.1,16.9,22.9,12.6,6.0,4.3,3.7,3.7,1.8,1.8,3.4,4.5,6.9,7.3,1.2,1.0,1.1,1.2,1.0,59.3,51.9,89.6,81.1,16.6,30.0,14.7,19.6,12.6,2.3,22,6,2,36,18,20,6,1,37,31,25,12,3,1,2,3,3,0,0,0,0,411,587,3,0,0,5,8,64,1659,2148,116,8,12,0,0,1,40,52,2,0,0,0:00:02,0:00:03,0:00:23,0:11:31,0:18:35,0:00:40,0:00:05,0:00:07,0,0,1,36,59,2,0,0,334.70,0.00,0.00,0.00,160.3,19.36,4.63,5142,1.27,0:20:12,0:06:16,0:03:04,0:00:42,0:00:12,64,19,9,2,0,122,75,24,6,5.23,14.77,25.63,42.15,67.52,26,2,0,17,3,4,78,7,4,51,3,2,163,537,0,3,129,10,6,0.19,0.02,31.33,145.00,60.47,39.53,70,30,67,1044,4,28,24,93,7,0,71,13,17,2274,1395,25
MID,31.48,24.12,76.62,Qtr 1,3457.00,143.3,7.2,334.18,13.854,0.097,308,831,698,1151,13.6,0,0,431,38,8.9,24.0,20.2,33.3,12.5,1.1,0:08:37,0:06:55,0:03:16,0:04:01,0:01:10,0:00:05,35,28,13,16,4,0,60,31,40,13,2,13.7,21.2,28.4,32.7,18.9,6.8,6.1,6.0,5.4,2.7,2.3,3.5,5.8,6.2,14.9,1.2,1.0,1.4,1.1,2.1,65.9,85.8,96.4,70.1,22.9,32.2,26.0,20.4,11.3,3.2,15,3,0,16,7,11,2,0,25,17,19,7,2,4,4,10,4,0,0,0,1,293,429,0,0,0,4,4,59,1209,2075,55,5,3,0,0,1,34,60,1,0,0,0:00:02,0:00:02,0:00:21,0:07:47,0:15:26,0:00:23,0:00:03,0:00:01,0,0,1,32,63,1,0,0,332.66,1.23,0.30,0.00,106.5,16.14,3.86,4250,1.23,0:12:42,0:05:41,0:03:52,0:00:31,0:00:03,52,23,16,2,0,92,50,21,1,4.80,15.02,24.90,41.71,66.33,9,2,5,31,9,6,60,8,6,63,10,1,160,469,1,0,123,18,7,0.22,0.02,31.31,148.00,48.78,51.22,44,56,86,447,5,16,46,56,13,31,67,20,13,2318,1620,15
MID,31.48,21.23,67.45,Qtr 1,3197.00,150.6,6.9,338.38,15.937,0.106,362,725,782,1013,9.9,0,0,313,2,11.3,22.7,24.5,31.7,9.8,0.1,0:07:27,0:05:34,0:03:41,0:03:37,0:00:52,0:00:00,35,26,17,17,4,0,62,38,42,15,0,11.6,19.4,23.9,20.5,0.0,5.3,5.6,5.2,3.4,0.0,1.5,3.5,5.3,6.1,0.0,1.0,1.0,1.3,1.1,0.0,42.1,73.4,93.8,46.0,0.0,17.8,21.3,20.1,7.7,0.0,16,5,0,22,9,14,5,0,23,18,20,7,0,1,6,8,3,0,0,0,2,305,401,1,0,0,3,4,55,1240,1777,68,8,6,0,0,1,38,55,2,0,0,0:00:01,0:00:01,0:00:19,0:08:05,0:12:13,0:00:26,0:00:03,0:00:02,0,0,1,38,57,2,0,0,334.27,3.76,0.36,0.00,104.2,15.08,3.60,4006,1.25,0:10:45,0:06:21,0:03:01,0:00:31,0:00:06,50,29,14,2,0,115,56,19,1,4.92,14.78,24.78,42.13,67.59,14,1,1,16,3,5,64,9,4,54,4,2,135,315,2,1,118,13,6,0.19,0.02,31.33,137.00,54.24,45.76,69,31,67,1044,4,16,24,88,6,6,67,13,21,2110,1328,15
DEF,31.48,24.27,77.09,Qtr 1,2968.00,122.3,6.7,294.80,12.148,0.099,502,1048,760,609,1.7,0,0,49,0,16.9,35.3,25.6,20.5,1.7,0.0,0:09:51,0:08:29,0:03:35,0:02:11,0:00:08,0:00:00,40,34,14,9,0,0,79,35,30,3,0,13.2,21.1,20.0,16.7,0.0,6.3,6.1,4.4,2.8,0.0,1.6,3.6,4.7,7.4,0.0,1.0,1.2,1.0,1.3,0.0,59.3,66.0,80.0,29.5,0.0,30.2,19.3,17.6,4.8,0.0,20,1,1,21,11,11,1,0,34,18,14,2,0,4,5,4,0,0,0,0,1,335,518,1,0,0,3,4,41,1152,1673,62,7,5,0,0,1,38,56,2,0,0,0:00:01,0:00:02,0:00:17,0:09:14,0:14:09,0:00:24,0:00:04,0:00:02,0,0,1,38,58,1,0,0,293.95,0.85,0.00,0.00,158.7,13.97,3.34,3661,1.23,0:15:16,0:06:27,0:01:45,0:00:16,0:00:04,62,26,7,1,0,124,47,9,2,5.18,14.32,24.55,42.51,70.14,16,2,0,49,10,2,50,6,2,45,7,0,126,49,1,1,95,13,2,0.06,0.02,31.31,110.00,52.63,47.37,46,54,100,0,2,18,61,89,11,0,80,16,3,1418,658,3
MID,31.48,22.77,72.32,Qtr 1,3033.00,133.2,6.1,292.87,12.864,0.097,414,746,974,830,2.3,0,0,69,0,13.6,24.6,32.1,27.4,2.3,0.0,0:09:21,0:05:32,0:04:39,0:03:01,0:00:11,0:00:00,41,24,20,13,0,0,72,44,30,3,0,10.2,21.6,27.2,21.2,0.0,4.6,6.3,6.0,3.6,0.0,1.5,3.4,5.4,6.9,0.0,1.0,1.1,1.3,1.2,0.0,31.3,77.5,102.2,32.6,0.0,14.3,22.4,21.8,5.6,0.0,21,5,0,24,10,10,1,0,27,21,12,2,0,0,8,8,0,0,0,0,0,305,459,1,0,0,2,3,32,1194,1672,54,5,6,0,0,1,39,55,1,0,0,0:00:01,0:00:01,0:00:15,0:08:23,0:13:28,0:00:26,0:00:03,0:00:03,0,0,1,36,59,1,0,0,292.88,0.00,0.00,0.00,134.0,13.96,3.34,3736,1.23,0:12:07,0:07:33,0:02:20,0:00:15,0:00:02,53,33,10,1,0,107,50,7,0,4.26,14.71,24.15,41.48,61.51,28,3,2,43,9,6,66,11,6,58,10,1,128,69,0,1,124,21,7,0.22,0.02,31.33,152.00,53.23,46.77,52,48,86,448,5,33,58,85,9,6,74,16,10,1873,899,3
MID,31.41,29.67,94.45,Qtr 2,4575.00,154.2,9.6,424.00,14.292,0.093,628,914,823,1316,19.5,0,0,718,176,13.7,20.0,18.0,28.8,15.7,3.8,0:11:18,0:07:36,0:03:51,0:04:34,0:01:55,0:00:23,38,25,13,15,6,1,93,43,43,24,8,9.7,18.5,30.3,29.3,22.2,4.8,5.3,6.4,4.8,3.0,1.5,3.1,4.0,6.2,12.7,1.0,1.0,1.0,1.1,1.8,36.6,159.8,106.6,64.0,36.1,21.5,45.8,22.5,9.9,4.8,29,7,1,26,9,8,2,0,38,25,23,16,8,0,2,11,6,0,0,0,1,411,539,3,0,0,2,6,62,1781,2568,80,12,12,0,0,1,38,56,1,0,0,0:00:00,0:00:02,0:00:20,0:11:22,0:17:15,0:00:28,0:00:05,0:00:05,0,0,1,38,58,1,0,0,423.53,0.47,0.00,0.00,345.0,21.47,5.13,5689,1.24,0:16:31,0:06:47,0:04:26,0:01:00,0:00:10,55,22,14,3,0,125,62,33,2,5.29,14.67,25.75,41.88,66.67,16,3,1,18,2,0,53,6,2,59,4,3,217,894,1,3,112,10,5,0.16,0.02,31.53,127.00,47.32,52.68,60,40,40,1892,4,20,20,80,15,5,90,10,0,3033,2210,32
MID,31.41,26.05,82.93,Qtr 2,3364.00,129.1,9.4,401.91,15.429,0.119,538,860,755,737,14.1,106,93,338,136,16.0,25.6,22.4,21.9,10.0,4.0,0:11:17,0:06:57,0:03:44,0:02:47,0:00:58,0:00:17,43,26,14,10,3,1,97,51,45,23,6,9.2,13.0,15.6,15.3,22.2,4.3,3.7,3.4,2.5,2.8,1.5,3.0,4.0,5.5,7.5,1.0,1.0,1.0,1.0,1.0,43.6,47.5,78.1,43.5,52.6,21.0,14.0,16.0,7.0,6.0,38,19,10,34,10,13,11,1,22,20,19,10,4,3,2,3,2,1,93,51,115,250,307,116,40,106,244,93,297,840,973,450,104,466,7,2,8,24,28,13,3,13,0:01:58,0:00:53,0:02:06,0:06:32,0:09:08,0:02:23,0:00:44,0:02:13,7,3,8,25,35,9,2,8,398.62,1.94,0.68,0.69,331.1,18.20,4.35,4698,1.40,0:14:12,0:07:10,0:02:33,0:00:28,0:00:16,54,27,9,1,1,193,50,2,0,5.03,14.54,25.23,42.72,73.25,23,3,5,35,4,10,93,17,7,61,8,4,121,474,259,262,154,25,11,0.35,0.02,31.53,190.00,60.39,39.61,68,32,64,1147,6,31,49,74,10,16,71,8,20,1966,1211,29
DEF,31.41,27.07,86.17,Qtr 2,3536.00,130.6,8.8,353.26,13.052,0.100,558,904,710,952,11.7,99,96,303,109,15.8,25.6,20.1,26.9,8.6,3.1,0:11:22,0:07:33,0:03:29,0:03:30,0:00:53,0:00:14,41,27,12,12,3,0,101,42,47,20,5,9.5,17.3,20.9,15.8,21.4,4.5,5.0,4.5,2.7,2.8,1.5,3.0,4.0,5.5,7.1,1.0,1.0,1.0,1.0,1.0,40.8,60.1,67.3,55.4,46.3,17.0,18.0,14.0,9.0,6.0,41,11,5,26,5,11,4,2,33,24,22,15,2,1,2,9,1,1,0,0,0,257,310,2,0,0,2,3,346,1024,963,436,121,411,6,2,9,28,27,12,3,11,0:01:56,0:00:50,0:02:16,0:07:22,0:09:08,0:02:32,0:00:52,0:02:02,7,3,8,27,33,9,3,7,353.28,0.00,0.00,0.00,329.7,18.45,4.41,4869,1.38,0:14:58,0:07:17,0:02:51,0:00:26,0:00:14,55,26,10,1,0,225,51,2,0,5.04,14.50,24.79,43.02,72.58,10,1,1,28,8,1,59,1,3,54,6,2,169,412,0,2,113,7,5,0.16,0.02,31.53,125.00,52.21,47.79,14,86,60,1261,4,12,37,83,8,8,76,22,3,2074,1364,25
DEF,31.41,28.48,90.68,Qtr 2,3145.00,110.4,8.5,311.59,10.939,0.099,709,796,786,545,9.8,106,72,251,58,22.5,25.3,25.0,17.3,8.0,1.8,0:15:11,0:06:31,0:03:53,0:02:01,0:00:43,0:00:08,53,22,13,7,2,0,113,43,31,16,4,7.4,18.7,18.0,16.5,15.1,3.5,5.4,3.9,2.7,2.0,1.5,3.1,4.1,5.6,7.2,1.0,1.0,1.0,1.0,1.0,41.4,77.7,53.2,51.2,23.2,16.0,22.0,11.0,8.0,3.0,56,8,5,33,6,7,5,2,23,27,16,10,2,1,2,3,1,0,72,49,140,289,322,118,52,106,139,118,365,863,830,391,110,403,4,3,11,27,26,12,3,12,0:01:23,0:00:56,0:02:42,0:07:25,0:10:35,0:02:24,0:00:54,0:02:07,4,3,9,26,37,8,3,7,309.17,2.43,0.00,0.00,273.5,16.13,3.85,4220,1.34,0:16:55,0:06:37,0:02:04,0:00:20,0:00:12,59,23,7,1,0,211,39,2,0,4.74,14.23,25.02,43.02,73.30,18,4,3,22,4,0,42,4,2,41,7,3,116,309,261,276,83,11,5,0.16,0.02,31.53,99.00,50.60,49.40,36,64,40,1892,5,25,26,72,16,12,85,15,0,1640,854,20
DEF,31.41,28.40,90.41,Qtr 2,3922.00,138.1,8.3,362.65,12.770,0.092,750,1020,622,827,17.9,0,0,563,140,19.1,26.0,15.9,21.1,14.4,3.6,0:12:23,0:08:21,0:02:54,0:02:55,0:01:30,0:00:18,43,29,10,10,5,1,89,44,39,21,6,11.1,13.4,21.0,26.5,23.1,5.4,3.9,4.5,4.3,3.1,2.0,3.5,4.8,7.5,15.4,1.0,1.0,1.0,1.3,2.0,60.4,32.7,87.7,48.8,33.0,33.2,9.9,18.5,7.9,4.3,27,6,2,23,15,9,1,0,37,23,24,15,6,2,0,4,5,0,0,0,2,350,552,0,0,0,7,7,54,1499,2203,79,8,4,0,0,1,38,56,2,0,0,0:00:02,0:00:02,0:00:18,0:10:47,0:16:40,0:00:27,0:00:03,0:00:01,0,0,1,37,58,1,0,0,361.85,0.81,0.00,0.00,117.4,18.38,4.39,4891,1.25,0:18:18,0:05:54,0:03:04,0:00:44,0:00:12,64,20,10,2,0,113,51,26,8,5.29,14.35,25.68,42.36,66.44,20,3,2,10,1,2,62,7,1,45,6,0,183,703,2,0,107,13,1,0.03,0.02,31.53,121.00,57.94,42.06,54,46,100,0,1,25,13,80,12,8,77,8,15,2152,1530,27
MID,31.41,30.37,96.68,Qtr 2,4095.00,134.9,8.3,396.39,13.054,0.097,629,863,730,1200,16.4,0,0,551,122,15.4,21.1,17.8,29.3,13.5,3.0,0:13:49,0:07:06,0:03:24,0:04:14,0:01:30,0:00:16,45,23,11,13,4,0,95,53,57,26,6,9.0,13.2,20.8,20.8,19.9,4.4,3.8,4.5,3.5,2.7,1.5,3.2,4.3,6.7,10.9,1.0,1.0,1.0,1.2,1.5,42.3,43.4,68.4,72.9,42.3,22.9,12.7,14.9,11.7,5.9,35,8,1,29,19,14,4,0,30,24,35,19,5,1,2,7,3,1,0,0,3,385,589,3,0,0,10,9,83,1519,2265,120,9,14,0,0,2,37,55,2,0,0,0:00:03,0:00:03,0:00:29,0:10:06,0:18:43,0:00:42,0:00:05,0:00:06,0,0,1,33,61,2,0,0,395.61,0.78,0.00,0.00,167.9,19.84,4.74,5309,1.30,0:17:22,0:05:57,0:03:50,0:00:57,0:00:14,57,19,12,3,0,115,67,40,5,4.89,14.86,25.63,41.98,67.01,28,7,1,19,4,4,72,9,6,74,4,4,147,673,3,3,146,13,10,0.32,0.02,31.53,169.00,49.32,50.68,69,31,60,1261,6,36,27,78,19,3,70,15,15,2603,1873,32
FWD,31.41,29.68,94.50,Qtr 2,3776.00,127.2,8.3,316.16,10.651,0.084,659,1042,748,834,13.1,0,0,349,144,17.5,27.6,19.8,22.1,9.2,3.8,0:13:08,0:08:47,0:03:28,0:03:01,0:00:56,0:00:19,44,29,11,10,3,1,89,45,46,17,4,11.5,16.1,17.9,20.3,34.9,5.8,4.6,3.9,3.3,4.6,2.3,3.5,5.0,6.2,16.5,1.1,1.0,1.2,1.1,2.3,34.1,43.9,70.6,50.5,51.7,17.0,12.5,14.7,8.0,7.0,21,4,1,31,13,20,3,0,37,26,21,13,2,0,2,4,1,2,0,0,1,404,574,2,0,0,5,9,56,1543,2008,89,15,10,0,0,1,40,53,2,0,0,0:00:02,0:00:03,0:00:21,0:11:06,0:17:20,0:00:31,0:00:08,0:00:05,0,0,1,37,58,1,0,0,313.80,0.63,1.74,0.00,147.2,17.99,4.30,4784,1.27,0:19:01,0:05:40,0:02:49,0:00:40,0:00:11,64,19,9,2,0,107,65,20,7,5.26,14.92,25.26,42.38,69.47,26,3,4,32,4,5,80,10,6,48,3,4,165,493,1,2,128,13,10,0.32,0.02,31.53,151.00,62.50,37.50,77,23,60,1261,7,33,41,79,9,12,78,10,12,2075,1327,21
FWD,31.41,25.90,82.46,Qtr 2,3205.00,123.7,8.2,294.59,11.374,0.092,760,783,557,629,14.9,0,1,318,158,23.7,24.4,17.4,19.6,9.9,4.9,0:13:31,0:06:14,0:02:40,0:02:14,0:00:50,0:00:20,52,24,10,8,3,1,80,43,31,12,6,9.5,12.9,20.0,25.7,26.6,4.6,3.7,4.3,4.2,3.5,1.5,3.5,5.1,7.3,9.2,1.0,1.0,1.2,1.3,1.3,37.2,32.1,72.9,51.2,66.0,18.5,9.3,15.1,8.4,8.6,25,6,0,19,15,10,2,1,36,22,19,8,4,0,0,2,2,1,1,0,1,312,544,0,0,0,7,3,47,1183,1851,60,9,8,0,0,1,36,57,1,0,0,0:00:02,0:00:01,0:00:17,0:09:14,0:15:44,0:00:22,0:00:05,0:00:05,0,0,1,35,60,1,0,0,290.15,3.26,1.19,0.00,118.2,15.16,3.62,3995,1.25,0:17:18,0:04:51,0:02:18,0:00:36,0:00:08,66,18,8,2,0,91,43,14,2,5.04,14.49,25.56,42.05,67.29,14,3,2,14,3,3,33,4,5,47,8,3,121,476,2,0,80,12,8,0.25,0.02,31.51,100.00,41.25,58.75,33,67,63,1182,8,19,20,74,16,11,70,15,15,1662,1105,18
FWD,31.41,24.35,77.52,Qtr 2,2511.00,103.1,8.1,278.54,11.439,0.111,692,560,498,454,12.2,82,74,263,44,27.6,22.3,19.8,18.1,10.5,1.8,0:14:30,0:04:50,0:02:28,0:01:41,0:00:43,0:00:06,59,19,10,6,2,0,90,32,27,12,2,6.6,16.2,17.2,22.4,23.2,3.2,4.6,3.7,3.6,3.0,1.5,3.0,4.0,5.8,16.0,1.0,1.0,1.0,1.0,2.0,27.9,45.1,68.2,42.8,30.4,13.0,13.0,15.0,7.0,4.0,52,5,11,20,9,3,4,0,18,16,9,6,2,0,2,4,2,0,74,39,88,250,283,86,47,82,140,40,233,742,727,283,95,305,5,1,9,29,28,11,3,12,0:01:26,0:00:41,0:01:40,0:06:45,0:09:34,0:01:39,0:00:50,0:01:41,5,2,6,27,39,6,3,6,275.13,2.52,0.90,0.00,319.0,13.03,3.11,3402,1.35,0:15:56,0:04:34,0:01:37,0:00:17,0:00:09,65,18,6,1,0,138,28,3,0,4.64,14.56,25.16,42.89,71.14,22,1,3,35,3,6,65,14,4,53,8,4,74,307,201,215,118,22,8,0.25,0.02,31.53,148.00,55.08,44.92,64,36,50,1576,5,26,44,85,4,12,80,7,14,1259,761,14
FWD,31.41,29.53,94.02,Qtr 2,3755.00,127.1,8.0,310.42,10.511,0.083,791,958,819,683,13.4,0,0,368,136,21.1,25.5,21.8,18.2,9.8,3.6,0:14:44,0:07:11,0:03:51,0:02:26,0:00:59,0:00:18,49,24,13,8,3,1,81,43,38,19,6,11.6,18.7,18.0,18.9,21.3,5.3,5.3,3.8,3.1,2.9,1.6,3.3,4.1,6.1,7.8,1.0,1.1,1.0,1.1,1.1,52.6,103.4,84.7,44.6,36.3,20.1,27.7,17.3,7.2,4.9,21,6,4,23,12,10,5,1,36,20,20,12,5,1,5,4,2,0,0,0,2,383,556,3,0,0,6,10,55,1502,2050,78,14,11,0,0,1,40,54,2,0,0,0:00:02,0:00:03,0:00:17,0:11:22,0:17:02,0:00:30,0:00:07,0:00:05,0,0,0,38,57,1,0,0,310.08,0.35,0.00,0.00,151.2,17.87,4.27,4689,1.25,0:18:21,0:06:58,0:02:28,0:00:41,0:00:12,62,23,8,2,0,124,54,23,6,4.91,14.29,25.61,42.54,65.80,13,1,7,20,6,3,54,9,1,51,10,1,164,504,2,3,105,19,2,0.06,0.02,31.53,126.00,51.43,48.57,47,53,50,1576,2,21,29,62,5,33,69,21,10,2006,1187,25
FWD,31.41,30.58,97.37,Qtr 2,3425.00,112.0,7.9,284.69,9.309,0.083,883,1046,560,486,13.1,0,0,327,123,25.8,30.5,16.4,14.2,9.5,3.6,0:16:50,0:08:06,0:02:39,0:01:42,0:00:52,0:00:16,55,26,8,5,2,0,87,33,28,16,5,11.1,15.8,14.4,19.9,23.5,5.4,4.6,3.1,3.2,3.2,1.6,4.3,4.9,5.6,7.0,1.0,1.2,1.0,1.0,1.0,50.1,62.9,33.7,71.1,39.3,23.8,17.7,7.0,11.1,5.3,31,4,1,21,11,10,4,2,33,15,17,11,3,2,3,0,1,0,0,0,2,335,616,0,0,0,13,9,49,1178,1982,75,11,6,0,0,1,34,57,2,0,0,0:00:04,0:00:03,0:00:18,0:10:12,0:19:07,0:00:31,0:00:06,0:00:03,0,0,0,33,62,1,0,0,280.98,3.42,0.29,0.00,117.6,16.20,3.87,4369,1.28,0:21:52,0:05:14,0:02:05,0:00:41,0:00:10,71,17,6,2,0,104,45,18,2,4.65,13.96,25.99,41.97,66.55,17,5,6,30,4,1,87,15,7,71,12,4,103,450,2,0,158,27,11,0.35,0.02,31.53,196.00,55.06,44.94,56,44,64,1147,6,28,35,61,18,21,86,11,3,1496,936,21
DEF,31.41,26.47,84.26,Qtr 2,3647.00,137.8,7.9,358.37,13.541,0.098,661,767,724,909,16.1,0,0,478,108,18.1,21.0,19.9,24.9,13.1,3.0,0:12:10,0:06:04,0:03:26,0:03:17,0:01:15,0:00:14,46,22,12,12,4,0,89,52,41,18,5,8.3,13.7,21.8,25.7,21.3,4.0,3.9,4.7,4.1,2.9,1.7,3.6,4.8,8.1,12.2,1.0,1.0,1.0,1.3,1.6,36.5,67.6,76.7,47.9,44.1,15.0,19.2,16.7,7.9,6.0,33,7,1,31,20,9,1,0,25,22,26,14,4,0,3,5,3,1,0,0,5,345,516,0,0,0,13,7,72,1303,2092,85,8,10,0,0,1,35,57,2,0,0,0:00:03,0:00:03,0:00:28,0:09:15,0:15:55,0:00:30,0:00:05,0:00:05,0,0,1,34,60,1,0,0,352.58,3.88,0.68,1.24,154.0,17.47,4.18,4647,1.27,0:15:50,0:05:55,0:03:13,0:00:40,0:00:11,59,22,12,2,0,104,60,19,5,4.91,15.06,25.48,41.97,67.59,11,4,4,32,7,6,81,11,3,53,7,6,124,586,5,0,134,18,9,0.29,0.02,31.53,161.00,60.45,39.55,61,39,33,2102,6,19,45,58,21,21,71,16,13,2219,1495,23
DEF,31.41,26.80,85.32,Qtr 2,3559.00,132.8,7.7,341.71,12.750,0.096,605,1024,913,778,6.7,0,0,208,31,17.0,28.8,25.7,21.9,5.8,0.9,0:10:58,0:08:00,0:04:23,0:02:47,0:00:33,0:00:04,40,29,16,10,2,0,76,38,37,12,1,13.2,23.8,20.6,17.3,25.3,6.2,6.9,4.5,2.8,3.4,1.5,3.4,4.5,7.4,25.3,1.0,1.0,1.0,1.3,3.4,80.8,85.0,83.3,36.7,25.3,37.6,25.3,16.9,6.0,3.4,19,3,1,21,5,3,3,0,34,24,31,9,1,2,6,2,0,0,0,0,0,382,536,0,0,0,6,8,35,1371,2022,62,4,5,0,0,0,38,56,1,0,0,0:00:01,0:00:02,0:00:13,0:10:24,0:15:36,0:00:24,0:00:02,0:00:02,0,0,0,38,58,1,0,0,340.93,0.78,0.00,0.00,115.8,16.54,3.95,4319,1.21,0:16:04,0:07:34,0:02:17,0:00:23,0:00:06,59,28,8,1,0,112,49,16,1,5.18,14.62,24.63,42.75,67.77,6,0,2,29,5,3,34,2,2,28,5,1,162,239,0,0,62,7,3,0.10,0.02,31.53,72.00,54.84,45.16,29,71,67,1051,4,8,37,75,0,25,78,14,8,1930,1017,13
MID,31.41,26.83,85.43,Qtr 2,3506.00,130.7,7.6,330.27,12.308,0.094,565,985,883,845,6.5,0,0,184,44,16.1,28.1,25.2,24.1,5.2,1.3,0:11:28,0:07:32,0:04:12,0:03:00,0:00:30,0:00:05,42,28,15,11,1,0,81,51,35,11,2,11.9,17.1,23.9,16.4,21.8,5.5,4.9,5.1,2.7,2.9,1.7,3.4,4.1,7.3,18.3,1.0,1.1,1.0,1.3,2.5,50.5,67.7,75.5,47.5,25.3,28.0,19.2,15.9,8.0,3.4,20,7,2,24,14,7,6,0,34,25,19,4,2,3,5,7,1,0,0,0,3,369,509,2,0,0,5,5,48,1335,1978,74,10,6,0,0,1,38,56,2,0,0,0:00:02,0:00:02,0:00:20,0:09:47,0:15:59,0:00:29,0:00:05,0:00:03,0,0,1,36,59,1,0,0,330.27,0.00,0.00,0.00,103.2,16.47,3.94,4340,1.24,0:15:25,0:07:16,0:02:39,0:00:28,0:00:05,57,27,9,1,0,134,52,15,2,4.91,14.50,25.26,41.83,66.14,20,3,2,26,3,1,64,9,9,36,3,1,165,228,3,2,100,12,10,0.32,0.02,31.53,122.00,64.00,36.00,75,25,90,315,8,25,30,80,12,8,87,10,3,1956,1073,13
DEF,31.41,29.57,94.13,Qtr 2,3945.00,133.4,7.5,365.48,12.361,0.093,527,1009,1016,940,11.5,111,91,399,54,13.4,25.6,25.8,23.8,10.1,1.4,0:11:42,0:08:06,0:05:01,0:03:28,0:01:07,0:00:08,39,27,16,11,3,0,99,60,45,18,5,10.7,17.4,21.3,22.4,11.6,4.9,5.0,4.6,3.7,1.6,1.5,3.1,4.0,5.8,7.1,1.0,1.0,1.0,1.0,1.0,37.7,58.0,82.8,52.8,21.4,18.0,17.0,18.0,9.0,3.0,33,13,5,24,9,9,3,3,42,34,27,12,2,0,4,4,3,0,91,67,158,288,325,152,74,111,179,124,511,1024,1057,547,174,428,4,3,12,25,26,13,4,10,0:01:50,0:01:09,0:03:19,0:07:16,0:09:32,0:02:48,0:01:21,0:02:17,6,3,11,24,32,9,4,7,364.21,0.40,0.87,0.00,334.5,20.36,4.87,5339,1.35,0:14:54,0:09:02,0:03:05,0:00:32,0:00:17,50,30,10,1,0,283,51,2,0,5.01,14.41,24.87,42.78,70.65,16,2,0,25,3,1,77,2,1,83,5,1,215,453,316,337,160,7,2,0.06,0.02,31.53,169.00,48.13,51.88,29,71,50,1576,1,18,29,89,11,0,86,10,3,2409,1393,23
MID,31.41,26.02,82.83,Qtr 2,3696.00,142.1,7.3,379.69,14.594,0.103,538,977,890,865,11.5,0,0,407,19,14.6,26.4,24.1,23.4,11.0,0.5,0:10:04,0:07:24,0:04:17,0:03:05,0:01:06,0:00:02,38,28,16,11,4,0,77,44,33,15,1,12.5,19.4,25.8,26.9,18.8,5.7,5.7,5.6,4.4,2.6,1.8,3.4,5.2,8.1,18.8,1.0,1.0,1.2,1.4,2.6,47.1,80.8,67.7,48.1,18.8,18.6,22.8,14.2,7.5,2.6,18,4,0,24,12,7,1,0,34,23,19,11,1,1,5,7,3,0,0,0,1,377,516,2,0,0,3,2,46,1440,2080,66,6,4,0,0,1,38,56,1,0,0,0:00:01,0:00:00,0:00:18,0:10:03,0:15:03,0:00:26,0:00:04,0:00:02,0,0,1,38,57,1,0,0,378.39,1.33,0.00,0.00,97.8,17.09,4.09,4528,1.23,0:14:30,0:07:48,0:02:51,0:00:34,0:00:03,55,29,10,2,0,136,51,19,1,4.97,14.41,25.30,41.83,64.23,16,7,0,7,7,2,57,5,3,42,5,1,154,426,1,2,99,10,4,0.13,0.02,31.53,113.00,57.58,42.42,50,50,75,788,4,23,16,70,30,0,44,44,13,2181,1291,16
MID,31.41,28.98,92.27,Qtr 2,3948.00,136.2,6.9,352.65,12.168,0.089,595,1073,1056,925,7.6,0,0,299,0,15.1,27.2,26.7,23.4,7.6,0.0,0:11:13,0:08:27,0:05:05,0:03:23,0:00:49,0:00:00,38,29,17,11,2,0,88,45,39,11,0,12.1,23.0,23.3,26.7,0.0,5.6,6.6,5.1,4.4,0.0,1.9,4.0,4.1,6.1,0.0,1.0,1.3,1.0,1.1,0.0,49.6,81.2,71.5,65.8,0.0,22.2,23.1,15.6,10.6,0.0,24,4,3,27,12,7,3,0,34,21,21,4,0,3,8,8,4,0,0,0,1,382,583,2,0,0,3,5,44,1555,2244,72,11,5,0,0,1,39,56,1,0,0,0:00:02,0:00:02,0:00:18,0:10:53,0:17:05,0:00:28,0:00:04,0:00:03,0,0,1,37,58,1,0,0,351.50,1.15,0.00,0.00,101.4,18.55,4.43,4846,1.23,0:16:39,0:08:21,0:03:05,0:00:27,0:00:06,57,28,10,1,0,152,62,14,1,5.05,14.52,24.98,42.06,64.48,25,10,3,42,8,7,70,3,0,56,9,3,158,299,1,2,126,12,3,0.10,0.02,31.53,141.00,55.56,44.44,25,75,0,3153,2,38,57,66,26,8,74,14,12,2280,1224,11
MID,31.41,25.30,80.55,Qtr 2,3501.00,138.4,6.7,357.29,14.122,0.102,424,848,750,1109,10.6,0,0,370,0,12.1,24.2,21.4,31.7,10.6,0.0,0:09:53,0:06:53,0:03:33,0:03:55,0:01:01,0:00:00,39,27,14,15,4,0,73,41,39,12,0,11.4,17.6,27.5,30.0,0.0,5.6,5.1,6.0,5.0,0.0,1.5,3.5,4.2,8.2,0.0,1.0,1.0,1.0,1.4,0.0,58.2,94.4,95.8,63.3,0.0,27.0,28.1,21.2,10.8,0.0,17,4,1,27,12,8,2,0,27,22,21,6,0,2,3,9,4,0,0,0,1,310,482,2,0,0,6,5,44,1252,2061,61,6,6,0,0,1,35,58,1,0,0,0:00:03,0:00:02,0:00:16,0:08:41,0:15:41,0:00:25,0:00:03,0:00:03,0,0,1,34,62,1,0,0,354.77,1.71,0.82,0.00,130.0,16.35,3.91,4303,1.23,0:13:55,0:06:08,0:03:37,0:00:22,0:00:05,55,24,14,1,0,91,55,10,2,4.90,14.97,24.91,42.21,66.07,15,2,7,31,9,5,67,11,6,65,10,4,143,370,1,2,132,21,10,0.32,0.02,31.53,163.00,50.76,49.24,52,48,60,1261,6,24,45,63,8,29,69,20,11,2229,1479,12
MID,31.41,28.97,92.22,Qtr 2,3571.00,123.3,6.7,343.82,11.870,0.096,549,1224,1184,566,1.3,0,0,48,0,15.4,34.3,33.2,15.8,1.3,0.0,0:12:09,0:08:54,0:05:41,0:02:05,0:00:07,0:00:00,41,30,19,7,0,0,93,49,31,4,0,12.9,23.8,17.6,11.6,0.0,5.7,6.9,3.9,1.9,0.0,2.0,3.5,4.3,8.8,0.0,1.2,1.1,1.0,1.5,0.0,65.7,92.6,46.4,14.8,0.0,29.9,27.5,10.2,2.4,0.0,24,3,1,26,14,10,2,0,39,24,16,2,0,4,8,4,0,0,0,0,0,372,591,0,0,0,4,2,42,1378,1990,64,9,5,0,0,1,38,55,1,0,0,0:00:01,0:00:01,0:00:20,0:10:30,0:17:20,0:00:34,0:00:06,0:00:02,0,0,1,36,59,1,0,0,339.05,3.25,0.64,0.88,129.9,16.39,3.92,4354,1.22,0:16:11,0:09:45,0:01:56,0:00:14,0:00:02,55,33,6,0,0,162,58,6,0,4.53,14.26,24.46,42.48,65.05,36,5,2,47,12,6,87,12,5,92,21,6,137,48,0,0,179,33,11,0.35,0.02,31.53,223.00,48.60,51.40,36,64,45,1720,5,43,65,84,12,5,72,18,9,1798,614,4
DEF,31.41,22.72,72.32,Qtr 2,3067.00,135.0,6.6,283.48,12.479,0.092,430,814,612,862,11.4,0,0,349,0,14.0,26.5,20.0,28.1,11.4,0.0,0:09:18,0:06:26,0:02:56,0:03:04,0:00:57,0:00:00,40,28,12,13,4,0,67,37,35,13,0,12.1,16.3,24.4,26.3,0.0,5.7,4.7,5.3,4.4,0.0,1.5,3.1,5.1,6.2,0.0,1.0,1.0,1.1,1.1,0.0,44.1,49.7,68.3,65.7,0.0,19.2,13.9,14.6,11.1,0.0,14,6,0,24,7,9,3,0,28,23,19,8,0,1,1,7,2,0,0,0,0,317,448,0,0,0,4,3,43,1176,1751,51,6,5,0,0,1,38,57,1,0,0,0:00:02,0:00:01,0:00:16,0:08:15,0:13:38,0:00:20,0:00:04,0:00:03,0,0,1,36,60,1,0,0,282.78,0.70,0.00,0.00,148.7,14.41,3.44,3771,1.23,0:12:58,0:05:42,0:02:51,0:00:24,0:00:03,57,25,12,1,0,98,48,16,0,4.83,14.59,25.42,41.77,65.83,9,2,3,17,5,1,53,2,4,69,5,2,130,349,0,0,122,7,6,0.19,0.02,31.53,135.00,43.44,56.56,29,71,67,1051,4,14,23,64,14,21,74,22,4,1823,1211,13
MID,31.41,16.90,53.80,Qtr 2,2419.00,143.1,6.6,227.76,13.478,0.094,300,681,647,619,7.1,0,0,172,0,12.4,28.2,26.7,25.6,7.1,0.0,0:05:59,0:05:11,0:03:00,0:02:13,0:00:28,0:00:00,35,30,17,13,2,0,62,32,32,7,0,10.8,19.6,19.1,23.2,0.0,5.0,5.6,4.1,3.8,0.0,1.6,3.4,4.7,6.1,0.0,1.0,1.1,1.1,1.1,0.0,56.1,67.7,60.2,59.2,0.0,24.7,19.2,12.2,9.9,0.0,16,2,1,21,12,8,4,0,24,13,21,1,0,1,5,2,2,0,0,0,1,221,338,0,0,0,5,6,37,934,1340,59,5,4,0,0,1,38,55,2,0,0,0:00:01,0:00:02,0:00:14,0:06:22,0:09:46,0:00:21,0:00:02,0:00:01,0,0,1,37,57,2,0,0,227.76,0.00,0.00,0.00,102.4,11.50,2.75,3038,1.26,0:09:03,0:05:01,0:02:05,0:00:21,0:00:05,53,29,12,2,0,94,44,11,1,5.13,14.36,24.87,42.34,66.89,10,2,0,10,2,2,43,4,3,33,5,2,133,172,1,0,76,9,5,0.16,0.02,31.53,90.00,56.58,43.42,44,56,60,1261,6,12,14,83,17,0,71,14,14,1438,791,7
DEF,32.33,23.17,71.66,Qtr 3,2934.00,126.6,8.9,304.71,13.153,0.104,540,697,644,642,14.0,96,79,315,96,18.4,23.8,21.9,21.9,10.7,3.3,0:10:40,0:05:46,0:03:12,0:02:23,0:00:54,0:00:13,46,24,13,10,3,0,91,41,31,17,5,7.8,16.3,19.4,18.9,19.9,3.8,4.7,4.2,3.1,2.6,1.5,3.1,4.0,5.5,7.0,1.0,1.0,1.0,1.0,1.0,34.2,62.6,60.3,55.8,31.8,17.0,18.0,13.0,9.0,4.0,41,7,6,25,9,4,5,2,25,21,18,11,3,0,4,3,1,0,79,39,112,234,270,115,49,96,158,90,345,739,751,402,137,388,5,3,11,25,25,13,4,13,0:01:31,0:00:41,0:02:22,0:05:51,0:07:34,0:02:11,0:00:53,0:02:03,6,2,10,25,32,9,3,8,302.80,1.91,0.00,0.00,393.9,15.51,3.71,4031,1.37,0:13:21,0:05:34,0:02:25,0:00:26,0:00:14,57,24,10,1,1,179,36,7,0,4.92,14.41,25.17,42.58,71.74,12,2,3,19,5,4,57,5,6,51,6,3,119,411,230,260,108,11,9,0.28,0.02,32.18,128.00,52.78,47.22,45,55,67,1073,7,17,28,71,12,18,68,18,14,1697,1053,22
DEF,32.33,24.58,76.04,Qtr 3,2881.00,117.2,8.9,306.09,12.452,0.106,502,684,597,738,12.5,117,90,282,78,17.4,23.7,20.7,25.6,9.8,2.7,0:12:13,0:05:27,0:03:02,0:02:46,0:00:48,0:00:11,49,22,12,11,3,0,84,45,40,16,5,8.4,14.0,19.2,18.3,16.4,3.9,4.0,4.2,3.0,2.2,1.5,3.1,4.0,5.7,7.0,1.0,1.0,1.0,1.0,1.0,80.8,38.4,135.3,47.8,46.1,35.0,11.0,28.0,8.0,6.0,44,12,10,17,10,7,5,3,22,23,20,10,1,1,0,3,1,1,0,0,0,216,256,2,0,0,2,3,278,754,716,362,166,423,6,2,9,26,24,12,5,14,0:01:50,0:00:41,0:02:01,0:05:41,0:08:45,0:02:06,0:01:01,0:02:16,7,2,8,23,35,8,4,9,303.91,2.19,0.00,0.00,290.7,15.74,3.76,4084,1.42,0:13:55,0:05:50,0:02:21,0:00:23,0:00:17,56,23,9,1,1,177,44,2,0,4.50,14.59,24.86,43.14,72.33,20,2,3,25,6,6,66,3,3,51,6,4,126,360,0,2,117,9,7,0.22,0.02,32.18,133.00,56.41,43.59,33,67,43,1839,5,25,37,80,8,12,68,16,16,1695,1098,21
DEF,32.33,23.95,74.08,Qtr 3,3097.00,129.3,8.5,276.62,11.550,0.089,563,753,560,692,17.1,0,0,384,145,18.2,24.3,18.1,22.3,12.4,4.7,0:10:58,0:06:31,0:02:35,0:02:29,0:01:03,0:00:19,45,27,10,10,4,1,84,36,36,16,5,8.5,15.0,18.7,23.6,28.0,4.5,4.2,4.1,3.9,3.7,1.5,4.3,5.3,6.3,7.1,1.0,1.2,1.3,1.1,1.0,58.1,34.3,68.5,70.7,77.2,33.8,9.1,14.6,12.2,10.1,33,4,0,33,8,10,4,1,16,24,22,11,3,2,0,4,1,1,0,0,0,305,506,1,0,0,6,4,54,1122,1769,72,10,8,0,0,1,36,57,2,0,0,0:00:02,0:00:01,0:00:18,0:08:28,0:14:27,0:00:27,0:00:05,0:00:05,0,0,1,35,60,1,0,0,276.62,0.00,0.00,0.00,102.2,14.66,3.50,3913,1.26,0:15:42,0:04:16,0:02:29,0:00:38,0:00:08,65,17,10,2,0,75,47,21,3,5.02,15.07,25.88,42.05,65.46,11,1,0,18,1,2,53,4,0,37,2,1,126,529,0,1,90,6,1,0.03,0.02,32.18,97.00,58.89,41.11,67,33,0,3218,1,12,21,92,8,0,86,5,10,1781,1221,21
MID,32.33,27.40,84.75,Qtr 3,3559.00,129.9,8.4,348.17,12.707,0.098,578,874,729,941,12.3,0,0,337,100,16.2,24.6,20.5,26.4,9.5,2.8,0:12:15,0:07:12,0:03:26,0:03:20,0:00:54,0:00:12,44,26,12,12,3,0,86,48,44,15,3,9.8,14.4,21.0,21.7,32.5,4.9,4.2,4.5,3.6,4.3,1.7,3.5,4.5,6.3,15.7,1.0,1.0,1.1,1.1,2.2,46.3,51.1,74.3,57.8,55.2,26.6,14.4,16.7,9.3,7.4,32,5,2,23,15,9,2,0,30,27,28,11,2,1,1,5,2,1,0,0,0,349,559,6,0,0,8,10,69,1283,2021,93,13,12,0,0,1,36,56,2,0,0,0:00:03,0:00:04,0:00:26,0:09:15,0:16:46,0:00:34,0:00:07,0:00:06,0,0,1,33,61,2,0,0,345.83,2.34,0.00,0.00,136.9,17.19,4.11,4603,1.29,0:17:03,0:05:39,0:03:05,0:00:41,0:00:10,62,20,11,2,0,110,67,19,4,4.79,14.79,25.47,41.90,67.28,27,2,4,27,9,5,75,5,4,56,8,2,115,437,0,6,131,13,6,0.19,0.02,32.18,150.00,57.25,42.75,38,62,67,1073,4,33,41,82,6,12,66,22,12,2107,1378,18
FWD,32.33,30.82,95.32,Qtr 3,3939.00,127.8,8.4,370.75,12.031,0.094,803,1022,674,857,14.8,0,0,388,195,20.4,25.9,17.1,21.8,9.9,5.0,0:14:43,0:08:22,0:03:11,0:03:02,0:01:03,0:00:25,47,27,10,9,3,1,88,47,44,19,5,11.5,13.9,18.2,19.3,38.5,5.6,4.0,3.9,3.2,5.1,1.5,4.1,4.1,6.2,28.3,1.0,1.2,1.0,1.1,3.8,43.0,40.9,48.4,51.8,47.5,22.5,11.4,10.2,7.8,6.4,21,3,3,28,20,11,3,0,37,23,28,13,3,2,1,2,3,2,0,0,2,374,645,1,0,0,8,8,74,1407,2306,78,13,9,0,0,1,35,58,2,0,0,0:00:03,0:00:02,0:00:24,0:10:37,0:19:00,0:00:27,0:00:08,0:00:04,0,0,1,34,61,1,0,0,366.67,4.09,0.00,0.00,150.8,18.91,4.52,4964,1.26,0:20:03,0:06:00,0:03:02,0:00:50,0:00:09,65,19,9,2,0,129,63,19,2,5.09,14.38,25.97,41.89,67.68,15,1,2,43,4,6,76,5,2,45,7,2,149,583,2,1,121,12,4,0.12,0.02,32.18,137.00,62.81,37.19,42,58,50,1609,3,18,53,83,6,11,81,8,11,2114,1440,24
DEF,32.33,29.64,91.69,Qtr 3,3974.00,134.1,8.3,375.90,12.681,0.095,646,1196,762,909,11.6,0,0,406,55,16.3,30.1,19.2,22.9,10.2,1.4,0:12:04,0:09:30,0:03:36,0:03:12,0:01:07,0:00:07,40,32,12,10,3,0,85,44,40,20,3,13.6,16.7,22.3,20.1,17.9,6.5,4.9,4.8,3.4,2.4,2.0,4.3,5.4,6.1,12.8,1.0,1.2,1.1,1.0,1.8,54.7,55.3,106.4,70.5,22.7,25.3,16.3,22.2,11.8,3.2,17,4,0,24,12,8,4,0,41,25,26,14,3,3,3,6,2,0,0,0,0,388,579,2,0,0,5,8,56,1500,2247,83,9,5,0,0,1,37,56,2,0,0,0:00:02,0:00:03,0:00:20,0:10:55,0:17:44,0:00:27,0:00:04,0:00:01,0,0,1,36,59,1,0,0,374.22,1.70,0.00,0.00,131.9,18.56,4.43,4926,1.24,0:18:17,0:07:00,0:03:03,0:00:35,0:00:09,61,23,10,1,0,144,58,22,3,5.26,14.25,25.28,41.81,67.43,24,1,1,17,5,2,65,7,4,63,4,3,224,461,0,2,128,11,7,0.22,0.02,32.18,146.00,50.78,49.22,64,36,57,1379,5,26,24,92,4,4,71,21,8,2132,1370,23
MID,32.33,26.36,81.52,Qtr 3,4034.00,153.1,8.1,399.24,15.148,0.099,501,961,926,945,17.4,0,0,486,215,12.4,23.8,23.0,23.4,12.0,5.3,0:08:59,0:07:53,0:04:21,0:03:19,0:01:17,0:00:28,34,29,16,12,4,1,78,42,43,25,10,11.6,20.4,21.4,19.0,20.1,5.7,5.8,4.6,3.1,2.7,1.5,3.0,5.1,7.4,9.5,1.0,1.0,1.1,1.3,1.3,52.9,87.1,63.0,39.5,35.1,32.1,25.0,13.4,6.3,4.5,25,9,0,22,7,8,4,1,27,20,29,21,9,4,6,6,0,0,0,0,5,341,515,5,0,0,8,8,83,1551,2199,117,12,12,0,0,2,38,54,2,0,0,0:00:03,0:00:02,0:00:27,0:10:06,0:14:57,0:00:34,0:00:04,0:00:04,0,0,1,38,56,2,0,0,396.71,2.54,0.00,0.00,182.9,19.57,4.68,5187,1.29,0:14:37,0:06:46,0:03:05,0:00:55,0:00:20,55,25,11,3,1,127,61,30,11,5.58,14.69,25.54,42.54,68.44,23,5,2,27,8,4,86,6,4,59,6,5,156,701,5,5,145,12,9,0.28,0.02,32.18,166.00,59.31,40.69,50,50,44,1788,5,30,39,77,17,7,69,21,10,2572,1646,35
DEF,32.33,28.17,87.12,Qtr 3,3474.00,123.3,8.1,339.20,12.043,0.098,610,1206,843,530,8.2,0,0,227,58,17.6,34.7,24.3,15.3,6.5,1.7,0:12:08,0:09:23,0:04:01,0:01:52,0:00:36,0:00:07,43,33,14,6,2,0,87,44,36,9,3,13.6,18.5,14.1,24.2,18.1,6.4,5.4,3.1,3.9,2.4,1.5,3.6,4.8,13.3,15.3,1.0,1.1,1.1,2.0,2.1,71.2,51.3,40.8,45.7,20.1,37.6,15.7,8.7,7.1,2.8,25,3,1,27,8,12,0,0,29,31,22,8,3,6,2,1,1,0,0,0,1,357,571,2,0,0,8,4,56,1245,1997,74,8,9,0,0,1,35,57,2,0,0,0:00:03,0:00:01,0:00:21,0:09:50,0:17:17,0:00:27,0:00:04,0:00:04,0,0,1,34,61,1,0,0,338.53,0.67,0.00,0.00,259.8,16.39,3.92,4334,1.25,0:17:47,0:07:14,0:01:54,0:00:24,0:00:11,63,25,6,1,0,124,49,11,4,5.05,14.26,24.86,43.02,68.19,8,1,5,65,11,4,58,12,2,39,5,1,159,285,1,2,97,17,3,0.09,0.02,32.18,117.00,59.79,40.21,71,29,67,1073,3,14,80,57,7,36,81,14,5,1658,815,12
FWD,32.33,29.94,92.61,Qtr 3,3665.00,122.4,8.0,295.41,9.867,0.081,770,1041,755,779,8.7,0,0,258,62,21.0,28.4,20.6,21.3,7.0,1.7,0:14:28,0:08:12,0:03:37,0:02:48,0:00:40,0:00:08,48,27,12,9,2,0,86,43,34,14,4,11.8,17.2,20.2,17.9,15.7,5.6,5.0,4.4,2.9,2.1,1.9,4.9,4.8,5.6,10.2,1.1,1.4,1.0,1.0,1.4,61.4,54.8,88.5,44.8,27.9,33.0,15.6,19.2,7.1,3.6,18,1,1,29,13,11,4,0,37,25,20,9,4,2,4,2,1,0,0,0,0,388,595,1,0,0,7,6,46,1411,2054,68,7,9,0,0,1,38,56,1,0,0,0:00:02,0:00:02,0:00:17,0:10:57,0:17:58,0:00:28,0:00:04,0:00:04,0,0,0,36,60,1,0,0,294.51,0.90,0.00,0.00,162.5,17.20,4.11,4535,1.24,0:19:11,0:06:46,0:02:24,0:00:33,0:00:08,64,22,8,1,0,126,46,12,5,4.98,14.34,24.82,42.22,67.76,19,1,2,26,5,6,63,10,4,68,5,0,151,320,0,1,131,15,4,0.12,0.02,32.18,150.00,48.09,51.91,67,33,100,0,3,22,37,86,5,9,70,14,16,1854,1099,18
FWD,32.33,26.67,82.48,Qtr 3,3410.00,127.9,8.0,297.95,11.173,0.087,572,988,732,787,9.7,0,0,252,79,16.8,29.0,21.5,23.1,7.4,2.3,0:11:30,0:08:00,0:03:32,0:02:48,0:00:40,0:00:08,43,30,13,10,2,0,70,39,37,15,2,13.3,17.9,20.2,15.3,38.7,6.6,5.2,4.4,2.5,4.1,1.6,3.9,4.7,7.0,34.6,1.0,1.2,1.0,1.2,3.6,57.0,41.8,62.9,43.4,42.8,34.1,12.5,14.1,6.9,4.6,12,4,1,23,11,8,6,0,32,22,22,8,1,3,2,6,1,1,0,0,2,315,557,4,0,0,10,6,54,1287,1862,88,14,21,0,0,1,37,54,2,0,0,0:00:03,0:00:02,0:00:20,0:09:09,0:16:18,0:00:30,0:00:07,0:00:07,0,0,1,34,61,1,0,0,289.91,6.43,1.62,0.00,886.9,16.80,4.01,4466,1.31,0:16:37,0:05:50,0:02:18,0:00:31,0:00:14,62,21,8,1,0,105,56,15,7,5.19,14.68,24.98,43.04,69.12,15,5,6,34,3,6,77,16,13,69,8,10,136,331,2,4,146,24,23,0.71,0.02,32.18,193.00,52.74,47.26,67,33,57,1399,12,26,43,58,19,23,79,7,14,1850,1118,17
MID,32.33,25.63,79.28,Qtr 3,3582.00,139.7,7.8,412.00,16.073,0.115,416,1097,785,839,12.4,102,96,386,59,11.6,30.6,21.9,23.4,10.8,1.6,0:08:29,0:08:48,0:03:56,0:03:06,0:01:07,0:00:09,33,34,15,12,4,0,95,50,43,22,7,11.8,16.1,20.0,18.6,9.4,5.5,4.7,4.3,3.0,1.3,1.5,3.0,4.0,5.7,7.1,1.0,1.0,1.0,1.0,1.0,45.5,90.7,60.6,50.6,21.7,21.0,27.0,14.0,8.0,3.0,38,9,9,17,17,7,3,6,36,20,22,17,1,4,4,5,2,0,96,47,113,247,275,127,57,102,257,86,362,897,968,445,152,495,7,2,10,25,27,12,4,13,0:02:00,0:00:51,0:02:16,0:06:45,0:08:04,0:02:20,0:01:01,0:02:15,7,3,8,26,31,9,3,8,411.23,0.78,0.00,0.00,308.0,19.15,4.58,5012,1.40,0:12:59,0:07:53,0:02:49,0:00:30,0:00:17,50,30,11,2,1,230,59,3,0,5.46,14.31,25.02,43.07,72.50,17,14,1,31,9,3,79,12,5,52,6,6,153,445,256,286,131,18,11,0.34,0.02,32.18,160.00,60.31,39.69,67,33,45,1755,7,32,43,53,44,3,72,21,7,2069,1284,29
DEF,32.33,32.33,100.01,Qtr 3,3977.00,123.0,7.8,371.98,11.505,0.094,713,1001,873,1008,9.6,137,90,322,60,17.9,25.2,22.0,25.3,8.1,1.5,0:14:43,0:08:28,0:04:17,0:03:47,0:00:55,0:00:09,45,26,13,11,2,0,138,62,57,23,7,7.6,14.5,18.3,14.7,9.4,3.7,4.1,4.0,2.4,1.3,1.5,3.0,4.0,5.6,7.1,1.0,1.0,1.0,1.0,1.0,33.8,84.0,58.0,30.2,22.0,17.0,23.0,13.0,5.0,3.0,66,17,9,33,14,10,9,6,39,30,34,14,1,0,1,4,0,0,90,59,163,331,359,140,63,137,239,102,477,1025,1046,509,150,537,6,2,12,25,26,12,3,13,0:02:00,0:01:01,0:03:11,0:08:19,0:11:05,0:02:42,0:01:11,0:02:47,6,3,9,25,34,8,3,8,371.12,0.87,0.00,0.00,345.7,21.25,5.08,5536,1.39,0:18:34,0:08:06,0:03:03,0:00:31,0:00:18,57,25,9,1,0,251,62,2,0,4.91,14.62,24.77,43.19,71.80,10,4,1,26,3,7,76,8,1,105,5,1,190,382,312,340,181,13,2,0.06,0.02,32.18,196.00,41.99,58.01,62,38,50,1609,1,15,36,67,27,7,72,8,19,2263,1390,30
MID,32.33,30.45,94.18,Qtr 3,4282.00,140.6,7.7,385.43,12.658,0.090,540,1186,1238,948,8.6,0,0,360,10,12.6,27.7,28.9,22.1,8.4,0.2,0:11:20,0:08:53,0:05:49,0:03:23,0:00:58,0:00:01,37,29,19,11,3,0,82,48,48,12,1,14.2,25.5,19.3,29.5,9.1,6.4,7.2,4.2,4.9,1.2,1.9,3.8,4.5,7.3,9.1,1.2,1.1,1.0,1.3,1.2,56.5,122.3,61.6,68.9,9.1,23.0,34.3,13.1,11.7,1.2,22,3,1,18,11,10,2,1,38,25,35,7,0,4,9,2,3,0,0,0,1,417,589,3,0,0,12,8,51,1616,2441,89,6,8,0,0,1,37,57,2,0,0,0:00:04,0:00:02,0:00:19,0:10:58,0:18:22,0:00:32,0:00:03,0:00:03,0,0,1,36,60,1,0,0,383.86,1.57,0.00,0.00,431.7,20.33,4.86,5334,1.25,0:15:32,0:09:28,0:03:28,0:00:33,0:00:08,51,31,11,1,0,150,72,18,4,5.11,14.43,25.14,42.36,66.46,12,2,3,25,4,5,70,7,2,37,6,1,205,370,1,3,107,13,3,0.09,0.02,32.18,123.00,65.42,34.58,54,46,67,1073,2,17,34,71,12,18,74,12,15,2556,1318,13
MID,32.33,20.58,63.65,Qtr 3,2771.00,134.7,7.7,246.58,11.984,0.089,440,707,658,707,9.3,0,0,213,46,15.9,25.5,23.7,25.5,7.7,1.7,0:08:56,0:05:18,0:03:06,0:02:32,0:00:34,0:00:06,43,25,15,12,2,0,56,30,32,12,2,12.4,21.1,21.7,17.4,22.5,5.6,6.1,4.8,2.9,3.0,2.0,3.5,4.3,6.3,16.3,1.3,1.0,1.0,1.1,2.2,36.1,66.3,74.0,52.1,28.8,16.7,19.2,16.0,8.7,3.9,17,2,2,9,7,7,4,0,30,16,18,7,2,0,5,5,1,0,0,0,2,261,379,1,0,0,7,4,39,1052,1552,59,6,4,0,0,1,37,56,2,0,0,0:00:02,0:00:01,0:00:14,0:07:25,0:12:23,0:00:22,0:00:03,0:00:01,0,0,1,36,60,1,0,0,243.81,2.77,0.00,0.00,122.2,13.05,3.12,3459,1.25,0:11:23,0:05:53,0:02:01,0:00:26,0:00:07,55,28,9,2,0,99,41,15,4,4.75,14.50,24.73,42.32,67.05,15,2,2,16,3,2,50,9,5,42,2,1,135,259,2,1,92,11,6,0.19,0.02,32.18,109.00,54.35,45.65,82,18,83,536,6,19,21,79,11,11,76,14,10,1624,966,14
FWD,32.33,32.33,100.01,Qtr 3,3470.00,107.3,7.7,286.76,8.869,0.083,843,1172,542,612,8.7,0,1,257,44,24.3,33.8,15.6,17.6,7.4,1.3,0:17:15,0:09:30,0:02:33,0:02:12,0:00:42,0:00:05,53,29,7,6,2,0,96,37,33,14,2,11.9,14.0,18.4,17.0,21.8,5.8,4.0,4.0,2.8,3.0,1.5,3.8,4.2,5.7,11.8,1.0,1.1,1.0,1.0,1.6,53.4,54.8,61.6,46.9,31.9,24.8,15.1,13.6,7.8,4.3,34,5,2,25,14,12,2,0,31,17,15,11,2,6,1,4,1,0,1,0,2,350,660,1,0,0,8,5,61,1212,2049,74,10,8,0,0,1,34,59,2,0,0,0:00:03,0:00:02,0:00:23,0:10:16,0:20:55,0:00:30,0:00:05,0:00:04,0,0,1,31,64,1,0,0,285.49,0.81,0.46,0.00,129.9,16.47,3.94,4353,1.25,0:22:17,0:05:34,0:02:00,0:00:33,0:00:07,68,17,6,1,0,103,48,21,3,4.99,14.05,25.48,42.69,68.47,19,3,0,36,10,1,83,16,4,76,7,2,137,301,3,1,159,23,6,0.19,0.02,32.18,188.00,52.20,47.80,70,30,67,1073,3,22,47,86,14,0,77,21,2,1455,913,16
DEF,32.33,27.41,84.77,Qtr 3,3682.00,134.4,7.6,328.06,11.971,0.089,525,1003,890,888,10.2,0,0,324,52,14.3,27.2,24.2,24.1,8.8,1.4,0:10:53,0:08:09,0:04:10,0:03:10,0:00:52,0:00:07,39,29,15,11,3,0,85,48,46,16,2,11.4,17.6,19.1,19.7,26.2,5.6,5.0,4.1,3.2,3.6,1.7,3.1,5.3,6.7,14.2,1.1,1.0,1.1,1.2,2.0,43.3,49.3,57.4,53.7,38.2,22.3,13.4,11.6,8.9,5.2,19,4,0,35,12,10,4,0,28,28,33,11,2,3,4,3,1,0,0,0,0,349,529,3,0,0,4,5,57,1401,2065,79,8,9,0,0,1,38,56,2,0,0,0:00:01,0:00:02,0:00:21,0:10:03,0:16:15,0:00:29,0:00:05,0:00:05,0,0,1,36,59,1,0,0,328.06,0.00,0.00,0.00,154.9,17.39,4.16,4601,1.25,0:16:05,0:06:33,0:03:05,0:00:41,0:00:05,58,23,11,2,0,129,62,24,1,5.04,14.59,25.37,41.04,66.61,13,1,1,15,5,5,50,2,3,59,6,1,158,376,0,3,109,8,4,0.12,0.02,32.18,121.00,45.87,54.13,25,75,75,804,3,15,25,87,7,7,60,20,20,2154,1264,18
FWD,32.33,25.88,80.06,Qtr 3,2852.00,110.2,7.2,330.99,12.788,0.116,613,862,647,448,9.9,108,85,262,20,21.5,30.2,22.7,15.7,9.2,0.7,0:12:44,0:07:17,0:03:14,0:01:46,0:00:46,0:00:03,49,28,12,6,2,0,97,51,38,17,3,9.1,13.1,12.7,16.5,7.2,4.4,3.8,2.8,2.7,1.0,1.5,3.0,4.0,5.5,7.1,1.0,1.0,1.0,1.0,1.0,34.9,57.0,37.6,47.8,7.2,20.0,16.0,8.0,8.0,1.0,45,15,9,20,12,13,5,3,32,22,16,11,0,0,2,0,1,0,85,44,100,256,281,101,45,108,190,80,273,794,749,314,136,416,6,2,9,27,26,11,4,14,0:01:47,0:00:44,0:01:59,0:06:56,0:09:25,0:01:53,0:00:49,0:02:15,6,2,7,26,36,7,3,8,324.84,4.06,0.28,0.92,228.7,15.11,3.61,3906,1.37,0:16:04,0:05:51,0:01:45,0:00:19,0:00:13,62,22,6,1,0,181,36,0,0,5.04,14.35,24.96,43.17,71.79,17,4,2,37,8,2,84,11,9,72,6,9,116,282,229,254,156,17,18,0.56,0.02,32.18,191.00,53.85,46.15,65,35,50,1609,9,23,47,74,17,9,79,17,4,1377,730,20
MID,32.33,25.88,80.06,Qtr 3,3587.00,138.6,7.1,364.56,14.085,0.102,564,906,763,1009,9.6,0,0,338,7,15.7,25.3,21.3,28.1,9.4,0.2,0:10:32,0:07:12,0:03:37,0:03:35,0:00:55,0:00:00,40,27,13,13,3,0,85,42,40,16,0,10.2,17.3,22.4,20.1,0.0,4.9,5.0,4.8,3.3,0.0,1.5,3.5,4.7,5.7,0.0,1.0,1.1,1.0,1.0,0.0,43.0,39.9,63.8,53.9,0.0,23.3,11.8,14.1,8.9,0.0,27,4,2,22,9,5,3,0,34,29,27,11,0,2,0,6,2,0,0,0,1,366,531,1,0,0,2,8,57,1356,2034,78,10,3,0,0,1,37,56,2,0,0,0:00:01,0:00:03,0:00:22,0:09:35,0:15:14,0:00:30,0:00:04,0:00:01,0,0,1,37,58,1,0,0,363.78,0.79,0.00,0.00,126.7,16.90,4.04,4465,1.24,0:15:19,0:06:24,0:03:07,0:00:36,0:00:05,59,24,12,2,0,124,67,17,0,5.09,14.47,25.44,41.86,64.97,11,3,2,33,9,6,51,11,5,53,6,2,135,345,1,1,104,17,7,0.22,0.02,32.18,128.00,49.04,50.96,65,35,71,919,5,16,48,69,19,13,69,19,13,2117,1354,16
MID,32.33,24.62,76.14,Qtr 3,3265.00,132.6,6.8,324.76,13.193,0.099,434,875,778,922,7.8,0,0,256,0,13.3,26.8,23.8,28.2,7.8,0.0,0:09:55,0:07:05,0:03:37,0:03:17,0:00:40,0:00:00,40,28,14,13,2,0,64,47,44,9,0,13.2,15.8,20.4,27.5,0.0,6.4,4.5,4.4,4.4,0.0,2.3,3.4,4.0,9.2,0.0,1.1,1.1,1.0,1.6,0.0,49.0,82.0,62.6,64.9,0.0,27.6,22.8,12.9,10.1,0.0,14,7,2,22,10,15,1,0,25,29,20,6,0,3,1,7,2,0,0,0,2,282,458,2,0,0,9,6,63,1119,1938,59,9,8,0,0,1,34,59,1,0,0,0:00:03,0:00:02,0:00:22,0:08:11,0:15:24,0:00:21,0:00:05,0:00:04,0,0,1,33,62,1,0,0,324.10,0.67,0.00,0.00,101.2,15.51,3.71,4071,1.25,0:13:45,0:05:56,0:02:57,0:00:30,0:00:05,55,24,12,2,0,105,54,16,1,5.01,14.99,24.68,41.80,66.55,11,3,2,34,10,6,63,5,8,55,15,5,132,256,2,2,118,20,13,0.40,0.02,32.18,151.00,53.39,46.61,25,75,62,1238,9,16,50,69,19,13,68,20,12,1956,1178,9
MID,32.33,29.80,92.17,Qtr 3,4160.00,139.6,6.7,335.63,11.263,0.081,507,1190,994,1077,9.4,0,0,392,0,12.2,28.6,23.9,25.9,9.4,0.0,0:10:37,0:09:29,0:04:42,0:03:53,0:01:05,0:00:00,35,31,15,13,3,0,81,44,39,14,0,14.4,20.8,27.3,27.6,0.0,6.9,6.0,5.9,4.6,0.0,1.7,3.3,4.0,6.7,0.0,1.1,1.1,1.0,1.2,0.0,65.3,81.9,80.9,59.4,0.0,35.7,23.9,17.4,9.6,0.0,22,5,2,19,11,3,3,0,36,21,24,7,0,4,7,10,4,0,0,0,1,363,589,2,0,0,3,6,51,1520,2438,63,7,5,0,0,1,36,58,1,0,0,0:00:01,0:00:02,0:00:21,0:10:15,0:18:35,0:00:25,0:00:03,0:00:02,0,0,1,34,62,1,0,0,334.26,1.36,0.00,0.00,147.1,19.20,4.59,5033,1.21,0:16:08,0:08:31,0:03:31,0:00:29,0:00:04,54,28,11,1,0,133,63,14,1,5.09,14.51,25.36,41.14,65.36,23,2,2,20,7,1,68,3,1,39,3,2,193,392,1,2,107,6,3,0.09,0.02,32.18,116.00,63.55,36.45,50,50,33,2145,3,27,28,85,7,7,71,25,4,2463,1469,14
MID,32.33,26.63,82.38,Qtr 3,3581.00,134.5,6.0,328.78,12.345,0.092,482,1130,1086,784,2.8,0,0,99,0,13.5,31.6,30.3,21.9,2.8,0.0,0:10:15,0:08:04,0:05:12,0:02:48,0:00:17,0:00:00,38,30,19,10,1,0,83,53,39,4,0,13.1,19.2,18.8,18.3,0.0,5.7,5.6,4.1,3.2,0.0,2.0,3.7,4.0,6.7,0.0,1.0,1.1,1.0,1.2,0.0,58.6,56.1,47.2,34.9,0.0,26.4,16.0,9.6,6.1,0.0,17,7,4,26,15,8,1,0,36,23,24,3,0,4,8,3,0,0,0,0,2,344,533,0,0,0,3,7,41,1340,2055,52,9,6,0,0,1,37,57,1,0,0,0:00:01,0:00:03,0:00:19,0:09:46,0:15:50,0:00:27,0:00:05,0:00:03,0,0,1,36,59,1,0,0,328.79,0.00,0.00,0.00,93.7,16.56,3.96,4360,1.22,0:13:42,0:09:23,0:02:34,0:00:16,0:00:02,51,35,9,1,0,152,57,10,0,4.69,14.30,24.51,41.90,66.00,32,1,3,44,12,8,82,5,3,62,6,3,153,99,2,0,144,11,6,0.19,0.02,32.18,161.00,56.94,43.06,45,55,50,1609,4,36,64,89,3,8,69,19,13,1969,883,4
DEF,34.73,34.73,100.01,Qtr 4,3654.00,105.2,8.8,340.42,9.801,0.093,866,814,766,669,14.8,136,100,429,110,23.7,22.3,21.0,18.3,11.7,3.0,0:20:21,0:06:36,0:03:48,0:02:29,0:01:14,0:00:15,58,19,10,7,3,0,99,51,49,25,9,8.5,15.5,14.0,18.1,12.6,4.0,4.5,3.0,3.0,1.7,1.5,3.0,4.0,5.6,7.0,1.0,1.0,1.0,1.0,1.0,34.1,61.5,37.5,58.4,17.2,16.0,17.0,8.0,9.0,2.0,45,10,10,24,10,11,8,3,30,28,28,14,6,0,3,0,3,0,100,66,132,340,403,143,70,136,236,111,348,993,908,458,164,548,6,3,9,27,24,12,4,15,0:02:09,0:01:09,0:02:36,0:08:41,0:13:18,0:02:45,0:01:11,0:02:52,6,3,7,25,38,7,3,8,339.28,1.14,0.00,0.00,385.9,19.86,4.75,5153,1.41,0:22:04,0:06:43,0:02:33,0:00:29,0:00:18,63,19,7,1,0,220,44,4,0,4.39,14.49,25.44,42.78,72.30,18,3,1,35,5,2,70,4,2,85,4,3,149,539,298,349,155,8,5,0.14,0.02,34.56,168.00,45.16,54.84,50,50,40,2074,3,22,42,82,14,5,83,12,5,1974,1208,34
DEF,34.73,26.13,75.25,Qtr 4,3124.00,119.5,8.5,292.33,11.186,0.094,570,814,754,734,8.1,0,0,169,83,18.2,26.1,24.1,23.5,5.4,2.7,0:12:31,0:06:45,0:03:35,0:02:37,0:00:27,0:00:10,47,25,13,10,1,0,75,38,35,8,3,10.5,19.7,20.6,18.2,27.4,5.2,5.6,4.4,3.0,3.5,2.0,3.4,4.6,5.6,10.2,1.3,1.1,1.1,1.0,1.4,59.6,71.6,73.5,37.2,40.7,31.9,20.6,15.8,6.2,5.1,14,4,1,32,7,9,2,0,27,23,20,6,2,2,4,5,0,1,0,0,1,307,542,1,0,0,4,5,64,1136,1791,77,9,12,0,0,2,36,57,2,0,0,0:00:01,0:00:01,0:00:23,0:08:44,0:16:14,0:00:29,0:00:05,0:00:07,0,0,1,33,62,1,0,0,292.34,0.00,0.00,0.00,132.4,14.99,3.58,3985,1.28,0:16:44,0:05:23,0:02:15,0:00:33,0:00:09,64,20,8,2,0,99,59,17,4,4.70,14.80,25.16,42.61,67.97,7,2,0,29,4,1,63,2,3,35,2,5,95,252,1,1,98,4,8,0.23,0.02,34.56,110.00,64.29,35.71,50,50,38,2160,7,9,34,78,22,0,85,12,3,1740,986,11
FWD,34.73,30.20,86.96,Qtr 4,3011.00,99.7,8.5,256.33,8.488,0.085,774,926,546,396,12.3,0,0,242,127,25.7,30.8,18.1,13.2,8.0,4.2,0:17:32,0:07:39,0:02:39,0:01:24,0:00:39,0:00:15,58,25,8,4,2,0,85,33,24,11,3,10.7,15.8,16.1,21.6,38.8,5.2,4.7,3.5,3.5,5.0,1.5,3.0,4.5,9.3,14.4,1.0,1.0,1.1,1.5,2.0,52.2,49.6,39.9,45.3,73.8,27.7,14.3,8.1,7.7,9.2,22,3,1,34,10,6,2,0,28,17,17,7,2,1,3,0,2,1,0,0,0,321,591,1,0,0,5,2,51,1095,1737,58,9,7,0,0,1,36,57,1,0,0,0:00:02,0:00:01,0:00:19,0:09:25,0:19:45,0:00:26,0:00:07,0:00:04,0,0,1,31,65,1,0,0,254.22,2.12,0.00,0.00,162.4,14.09,3.37,3742,1.24,0:21:09,0:04:57,0:01:37,0:00:31,0:00:05,70,16,5,1,0,95,33,15,1,4.44,13.97,26.10,42.33,66.50,11,4,2,22,5,7,65,11,2,44,4,2,118,369,0,1,109,15,4,0.12,0.02,34.55,128.00,59.63,40.37,73,27,50,1727,3,17,34,65,24,12,65,15,21,1311,765,14
MID,34.73,30.61,88.13,Qtr 4,3963.00,129.5,8.5,375.58,12.271,0.095,617,1131,579,842,20.0,0,0,581,213,15.6,28.5,14.6,21.2,14.7,5.4,0:13:33,0:09:18,0:02:45,0:02:57,0:01:34,0:00:28,44,30,9,9,5,1,87,43,36,21,9,12.8,13.0,21.0,25.6,22.7,6.3,3.8,4.4,4.2,3.0,2.3,3.2,4.2,6.1,8.5,1.1,1.0,1.0,1.1,1.2,57.9,35.9,76.3,56.4,54.4,32.8,10.3,15.8,9.4,7.1,21,6,1,24,12,11,1,2,38,25,20,15,6,4,0,4,5,1,0,0,2,357,576,5,0,0,7,6,64,1512,2225,86,13,7,0,0,1,38,56,2,0,0,0:00:02,0:00:02,0:00:20,0:10:46,0:18:41,0:00:31,0:00:06,0:00:04,0,0,1,35,61,1,0,0,374.94,0.65,0.00,0.00,126.7,18.88,4.51,5005,1.26,0:19:12,0:05:43,0:03:18,0:00:53,0:00:14,62,18,10,2,0,114,50,27,7,4.88,14.23,25.84,42.26,66.45,17,2,2,20,4,1,60,6,5,48,7,0,159,794,2,5,108,13,5,0.14,0.02,34.56,126.00,55.56,44.44,46,54,100,0,4,21,25,81,10,10,80,16,4,2215,1636,30
DEF,34.73,33.60,96.74,Qtr 4,4183.00,124.5,8.4,379.53,11.296,0.091,743,1177,860,928,11.4,0,0,427,48,17.8,28.1,20.6,22.2,10.2,1.1,0:15:22,0:09:32,0:04:05,0:03:20,0:01:09,0:00:06,45,28,12,9,3,0,112,55,50,16,2,10.3,15.4,18.4,25.9,24.1,5.0,4.4,4.0,4.2,3.1,1.5,3.0,4.4,5.8,13.8,1.0,1.0,1.0,1.0,1.8,41.4,49.6,57.8,75.1,34.3,20.2,14.6,12.2,11.9,4.3,35,11,2,30,14,13,5,0,46,25,31,8,2,1,5,4,3,0,0,0,1,412,658,3,0,0,7,7,68,1555,2394,96,11,9,0,0,1,37,57,2,0,0,0:00:02,0:00:02,0:00:27,0:11:29,0:20:45,0:00:34,0:00:07,0:00:05,0,0,1,34,61,1,0,0,378.60,0.92,0.00,0.00,115.8,19.83,4.74,5210,1.25,0:21:08,0:07:00,0:03:16,0:00:42,0:00:08,62,20,9,2,0,136,65,27,2,4.98,14.52,25.40,42.21,65.92,20,3,2,34,7,3,71,8,3,76,5,2,196,475,1,3,147,13,5,0.14,0.02,34.55,165.00,48.30,51.70,62,38,60,1382,3,25,44,80,12,8,77,16,7,2263,1403,18
FWD,34.73,28.40,81.77,Qtr 4,2632.00,92.7,8.2,304.52,10.723,0.116,733,718,482,565,5.1,108,94,120,14,27.8,27.3,18.3,21.5,4.6,0.5,0:17:05,0:06:16,0:02:27,0:02:11,0:00:20,0:00:02,60,22,8,7,1,0,94,43,31,10,2,7.8,10.9,17.4,11.9,7.8,3.9,3.2,3.7,2.0,1.0,1.5,3.0,4.1,5.5,7.4,1.0,1.0,1.0,1.0,1.0,30.1,41.5,70.8,35.2,8.2,16.0,12.0,15.0,6.0,1.0,46,13,4,18,11,7,5,2,30,18,18,5,0,0,1,2,0,0,94,38,98,244,319,85,53,108,153,58,231,768,798,224,88,400,5,2,8,29,30,8,3,15,0:01:45,0:00:38,0:02:01,0:07:12,0:11:58,0:01:38,0:00:54,0:02:14,6,2,7,25,42,5,3,7,300.09,4.45,0.00,0.00,292.7,13.91,3.32,3603,1.37,0:18:43,0:04:56,0:01:38,0:00:15,0:00:10,65,17,5,0,0,151,36,1,0,4.50,14.55,24.28,42.91,72.05,14,3,3,27,10,4,68,16,3,54,7,9,79,134,230,246,122,23,12,0.35,0.02,34.56,157.00,55.74,44.26,70,30,25,2592,8,20,41,70,15,15,66,24,10,1181,699,12
FWD,34.73,30.85,88.83,Qtr 4,3705.00,120.1,7.9,317.11,10.279,0.086,801,1139,856,614,8.0,0,0,267,28,21.6,30.7,23.1,16.6,7.2,0.8,0:15:08,0:08:36,0:04:04,0:02:14,0:00:43,0:00:03,49,27,13,7,2,0,86,39,35,14,2,12.2,18.3,17.0,18.9,13.9,5.6,5.3,3.8,3.1,1.8,1.5,3.5,4.7,6.3,7.1,1.0,1.0,1.0,1.1,1.0,43.8,56.5,49.4,39.3,20.6,25.2,15.9,10.8,6.7,2.7,19,5,2,23,11,13,4,1,42,18,19,10,1,2,5,1,0,0,0,0,1,412,557,2,0,0,9,6,49,1379,2136,56,8,9,0,0,1,37,57,1,0,0,0:00:03,0:00:02,0:00:19,0:11:18,0:18:34,0:00:23,0:00:05,0:00:04,0,0,1,36,60,1,0,0,316.49,0.62,0.00,0.00,132.4,17.38,4.15,4571,1.23,0:19:35,0:07:57,0:02:08,0:00:26,0:00:08,63,25,6,1,0,131,48,12,3,4.80,14.14,25.23,42.44,68.34,11,3,1,28,14,6,66,6,6,52,5,6,160,295,1,2,118,11,12,0.35,0.02,34.56,141.00,55.93,44.07,55,45,50,1728,9,15,48,73,20,7,58,29,13,1765,909,16
MID,34.73,31.67,91.18,Qtr 4,3789.00,119.7,7.8,345.78,10.919,0.091,748,1179,880,675,8.1,0,0,272,35,19.7,31.1,23.2,17.8,7.2,0.9,0:15:29,0:08:44,0:04:10,0:02:25,0:00:44,0:00:04,48,27,13,7,2,0,86,50,37,9,2,13.6,17.1,17.8,29.8,17.1,6.0,5.0,3.9,4.9,2.3,1.5,3.6,4.8,11.5,9.8,1.0,1.0,1.1,2.0,1.4,60.6,62.0,41.7,46.7,24.3,25.2,17.5,9.0,7.8,3.2,16,5,2,32,15,9,0,1,33,28,24,6,1,5,2,2,3,0,0,0,2,415,613,3,0,0,7,5,47,1458,2117,79,9,6,0,0,1,38,55,2,0,0,0:00:02,0:00:02,0:00:20,0:11:25,0:19:04,0:00:34,0:00:05,0:00:03,0,0,1,36,60,1,0,0,345.78,0.00,0.00,0.00,118.1,17.72,4.23,4694,1.24,0:19:49,0:07:54,0:02:35,0:00:25,0:00:06,62,24,8,1,0,149,55,14,2,4.62,14.27,25.09,41.90,66.16,16,0,1,40,8,3,70,8,0,42,4,4,169,307,2,3,112,12,4,0.12,0.02,34.56,128.00,62.50,37.50,67,33,0,3456,3,17,51,94,0,6,78,16,6,1862,982,11
MID,34.73,28.44,81.90,Qtr 4,3459.00,121.6,7.7,347.17,12.205,0.100,621,816,688,829,14.6,0,0,405,100,18.0,23.6,19.9,24.0,11.7,2.9,0:14:13,0:06:40,0:03:16,0:02:58,0:01:04,0:00:13,50,23,11,10,3,0,81,41,47,17,5,9.8,16.0,17.3,22.9,19.8,4.8,4.6,3.7,3.7,2.7,1.6,3.2,4.6,5.7,12.3,1.0,1.0,1.1,1.0,1.7,41.6,62.3,69.0,59.4,30.4,22.7,18.5,15.0,9.4,4.2,27,4,1,26,12,13,4,0,27,22,29,9,5,1,3,4,4,0,0,0,6,327,557,4,0,0,9,7,76,1251,1941,96,16,10,0,0,2,36,56,2,0,0,0:00:03,0:00:03,0:00:27,0:09:09,0:17:55,0:00:34,0:00:08,0:00:04,0,0,1,32,62,2,0,0,345.67,1.50,0.00,0.00,140.0,16.77,4.01,4492,1.30,0:17:57,0:05:30,0:02:48,0:00:43,0:00:13,63,19,9,2,0,110,55,24,3,4.46,14.64,25.51,42.47,68.46,24,3,5,25,6,1,75,7,7,49,10,3,111,505,6,4,124,17,10,0.29,0.02,34.56,151.00,60.48,39.52,41,59,70,1037,7,32,32,75,9,16,78,19,3,2022,1334,22
DEF,34.73,29.03,83.60,Qtr 4,3171.00,109.2,7.7,312.09,10.749,0.098,593,860,608,775,10.6,111,82,262,73,18.7,27.1,19.2,24.4,8.3,2.3,0:15:04,0:07:04,0:03:03,0:02:53,0:00:46,0:00:10,51,24,10,9,2,0,88,40,37,14,3,9.8,15.4,21.5,19.8,24.8,4.7,4.4,4.7,3.3,3.3,1.5,3.0,4.0,5.5,7.1,1.0,1.0,1.0,1.0,1.0,38.9,67.7,62.9,54.2,45.2,16.0,19.0,13.0,9.0,6.0,35,12,6,22,6,8,3,1,31,20,16,10,1,0,2,7,1,1,0,0,0,269,322,2,0,0,2,3,354,927,848,377,135,405,4,1,11,29,26,11,4,12,0:01:35,0:00:46,0:02:25,0:07:01,0:11:54,0:02:03,0:01:03,0:02:11,5,2,8,24,40,7,3,7,310.32,0.84,0.93,0.00,251.4,16.71,3.99,4390,1.38,0:16:49,0:06:30,0:02:15,0:00:21,0:00:14,57,22,7,1,0,203,43,0,0,4.57,14.51,24.86,43.28,72.45,11,4,3,23,3,3,57,6,0,59,1,1,144,335,0,2,116,7,1,0.03,0.02,34.56,124.00,49.14,50.86,86,14,0,3456,1,18,29,61,22,17,79,10,10,1718,1110,17
MID,34.73,19.74,56.84,Qtr 4,2546.00,129.0,7.7,208.71,10.573,0.082,542,667,552,440,13.6,0,1,185,160,21.3,26.2,21.7,17.3,7.3,6.3,0:09:52,0:04:53,0:02:38,0:01:34,0:00:31,0:00:13,50,24,13,7,2,1,62,31,23,8,3,10.4,17.3,18.4,22.8,48.0,4.7,5.0,4.0,3.8,4.6,1.8,3.5,4.6,6.1,23.0,1.2,1.0,1.1,1.1,3.1,81.8,47.9,47.5,82.5,89.5,33.4,14.6,9.7,13.8,6.3,21,3,2,20,8,4,3,0,20,17,16,4,2,1,3,1,1,1,1,0,1,282,379,1,0,0,3,4,36,915,1380,52,5,10,0,0,1,35,54,2,0,0,0:00:01,0:00:01,0:00:14,0:07:14,0:11:41,0:00:22,0:00:03,0:00:03,0,0,1,36,59,1,0,0,207.64,0.20,0.87,0.00,158.4,11.60,2.77,3186,1.25,0:12:02,0:04:53,0:01:31,0:00:20,0:00:11,60,24,7,1,1,84,31,12,4,4.53,14.18,25.45,42.09,68.28,15,1,2,14,5,1,24,3,2,22,2,2,103,345,2,1,46,5,4,0.12,0.02,34.55,55.00,52.17,47.83,60,40,50,1727,7,18,20,83,6,11,70,25,5,1337,785,11
MID,34.73,27.22,78.36,Qtr 4,3321.00,122.0,7.6,399.28,14.671,0.120,505,954,709,848,9.2,94,85,270,35,15.2,28.7,21.3,25.5,8.1,1.1,0:12:00,0:07:38,0:03:34,0:03:08,0:00:45,0:00:05,44,28,13,11,2,0,86,42,41,17,4,11.4,17.5,19.8,16.3,9.2,5.3,5.0,4.2,2.6,1.3,1.6,3.0,4.2,5.5,7.0,1.0,1.0,1.0,1.0,1.0,51.8,104.4,90.2,44.2,14.9,24.0,30.0,19.0,7.0,2.0,27,7,5,23,6,10,5,3,34,27,23,11,1,2,2,3,1,0,85,56,99,246,286,119,63,94,193,93,287,924,934,440,158,375,5,2,8,27,28,13,4,11,0:01:47,0:00:56,0:02:00,0:06:43,0:10:21,0:02:25,0:01:06,0:01:51,6,3,7,24,38,8,4,6,395.53,2.85,0.91,0.00,320.5,17.52,4.19,4597,1.38,0:15:17,0:07:09,0:02:33,0:00:23,0:00:15,56,26,9,1,0,209,49,1,0,4.78,14.46,24.70,42.87,72.47,19,5,7,29,4,14,75,10,8,48,10,5,127,305,240,276,123,20,13,0.38,0.02,34.56,156.00,60.98,39.02,50,50,62,1329,8,31,47,61,16,23,62,9,30,1862,1153,21
DEF,34.73,28.92,83.26,Qtr 4,3210.00,111.0,7.6,312.62,10.811,0.097,887,897,523,588,9.8,0,0,259,56,27.6,27.9,16.3,18.3,8.1,1.7,0:16:22,0:07:06,0:02:31,0:02:04,0:00:42,0:00:07,56,24,8,7,2,0,83,38,33,10,4,10.5,13.5,17.4,24.8,13.7,5.0,3.9,3.7,4.1,1.9,2.3,3.1,4.1,12.2,8.5,1.2,1.0,1.0,2.0,1.2,38.0,49.1,77.7,63.4,21.6,16.0,14.4,15.7,10.6,3.0,24,4,3,27,15,9,0,2,32,18,18,9,2,0,1,3,1,0,0,0,2,383,597,3,0,0,6,6,51,1195,1799,78,11,6,0,0,1,37,56,2,0,0,0:00:02,0:00:02,0:00:21,0:10:41,0:17:11,0:00:29,0:00:04,0:00:03,0,0,1,36,59,1,0,0,311.73,0.90,0.00,0.00,138.1,15.19,3.63,4044,1.26,0:20:50,0:04:52,0:02:09,0:00:28,0:00:08,72,16,7,1,0,113,49,19,5,4.66,14.10,25.57,42.58,70.18,25,1,4,21,1,4,67,3,3,69,10,1,121,315,2,3,136,13,4,0.12,0.02,34.56,153.00,49.26,50.74,23,77,75,864,3,30,26,83,3,13,81,4,15,1426,903,14
MID,34.73,33.15,95.45,Qtr 4,4129.00,124.6,7.6,492.08,14.844,0.119,849,1026,886,719,15.7,0,2,597,52,20.6,24.8,21.5,17.4,14.5,1.3,0:16:50,0:07:48,0:04:12,0:02:35,0:01:35,0:00:07,50,23,12,7,4,0,103,52,46,22,4,9.6,16.5,15.2,26.6,13.4,4.4,4.8,3.3,4.3,1.9,1.5,3.1,4.4,7.3,9.2,1.0,1.0,1.0,1.2,1.3,30.9,59.7,43.8,60.3,23.0,13.9,16.9,8.9,9.6,3.1,30,8,4,38,18,14,2,1,35,22,27,17,3,0,4,1,3,0,2,0,0,422,630,2,0,0,6,9,75,1582,2267,109,15,11,0,0,1,38,54,2,0,0,0:00:02,0:00:03,0:00:26,0:11:46,0:19:57,0:00:41,0:00:06,0:00:04,0,0,1,35,60,2,0,0,490.96,1.13,0.00,0.00,183.8,19.84,4.74,5398,1.31,0:20:15,0:07:28,0:02:48,0:00:47,0:00:15,61,22,8,2,0,145,69,29,8,4.81,14.33,25.69,42.69,69.34,18,2,1,40,8,6,72,10,4,67,10,3,114,649,2,2,139,20,7,0.20,0.02,34.56,166.00,51.80,48.20,50,50,57,1481,4,21,54,86,10,5,74,15,11,2254,1368,26
MID,34.73,32.15,92.57,Qtr 4,4060.00,126.3,7.6,410.16,12.758,0.101,784,1083,1003,880,7.6,0,0,279,31,19.3,26.7,24.7,21.7,6.9,0.8,0:14:29,0:08:53,0:04:44,0:03:06,0:00:45,0:00:04,45,27,14,9,2,0,109,47,43,13,1,9.4,19.6,20.2,20.8,29.9,4.6,5.6,4.3,3.5,4.0,1.5,3.5,4.2,5.6,29.9,1.0,1.0,1.0,1.0,4.0,38.2,68.0,95.8,48.3,29.9,21.7,19.0,19.5,8.2,4.0,44,9,1,30,7,9,5,0,35,25,29,6,1,0,6,4,2,0,0,0,3,434,641,0,0,0,9,8,65,1492,2330,78,10,3,0,0,1,36,57,1,0,0,0:00:03,0:00:03,0:00:25,0:11:30,0:19:21,0:00:31,0:00:05,0:00:02,0,0,1,35,60,1,0,0,408.99,1.18,0.00,0.00,110.9,19.05,4.55,5011,1.23,0:20:15,0:07:27,0:03:05,0:00:32,0:00:05,62,23,9,1,0,137,66,19,0,5.01,14.57,25.36,41.60,67.35,7,2,2,29,8,6,73,10,1,85,4,10,151,310,3,0,158,14,11,0.32,0.02,34.56,183.00,46.20,53.80,71,29,9,3142,6,11,43,64,18,18,67,19,14,2193,1190,14
FWD,34.73,34.32,98.81,Qtr 4,3898.00,113.6,7.4,359.45,10.475,0.092,1027,1133,655,732,9.0,0,0,295,56,26.3,29.1,16.8,18.8,7.6,1.4,0:18:19,0:09:19,0:03:06,0:02:36,0:00:49,0:00:07,53,27,9,7,2,0,108,45,40,15,4,10.3,14.1,18.0,19.0,12.5,5.1,4.1,3.9,3.1,1.7,1.6,3.4,4.5,6.8,11.1,1.0,1.0,1.0,1.2,1.5,43.5,65.4,78.6,41.6,13.8,26.7,18.9,16.3,6.8,1.9,38,10,1,33,15,11,2,0,36,19,26,11,4,1,1,2,2,0,0,0,1,425,716,1,0,0,6,4,58,1457,2226,89,12,12,0,0,1,37,57,2,0,0,0:00:02,0:00:01,0:00:21,0:12:02,0:21:02,0:00:34,0:00:08,0:00:05,0,0,1,35,61,1,0,0,357.42,2.02,0.00,0.00,156.8,18.52,4.43,4891,1.25,0:24:14,0:06:01,0:02:16,0:00:33,0:00:11,70,17,6,1,0,116,59,19,3,5.14,14.45,25.55,42.86,68.28,8,1,7,24,9,3,72,8,4,51,6,1,129,351,1,1,123,14,5,0.14,0.02,34.56,142.00,58.54,41.46,57,43,80,691,4,16,36,50,6,44,67,25,8,1738,1083,19
FWD,34.73,28.38,81.71,Qtr 4,3085.00,108.7,7.3,260.46,9.178,0.084,731,796,745,496,10.3,0,0,289,28,23.7,25.8,24.1,16.1,9.4,0.9,0:15:37,0:06:34,0:03:32,0:01:46,0:00:46,0:00:03,55,23,12,6,2,0,71,39,26,14,2,10.8,18.7,18.5,20.3,11.5,5.4,5.4,4.0,3.3,1.6,1.8,3.4,5.4,5.6,8.7,1.2,1.0,1.1,1.0,1.2,75.4,98.0,58.1,46.4,14.2,42.5,29.2,12.4,7.8,2.0,19,5,0,25,11,9,3,1,26,22,14,10,1,1,1,3,1,0,0,0,1,326,571,0,0,0,4,5,46,1183,1718,66,9,9,0,0,1,38,55,2,0,0,0:00:01,0:00:01,0:00:17,0:09:30,0:17:51,0:00:27,0:00:06,0:00:06,0,0,1,33,62,1,0,0,257.58,1.84,1.04,0.00,113.0,14.52,3.47,3881,1.26,0:19:33,0:05:01,0:01:52,0:00:28,0:00:08,68,17,6,1,0,97,49,18,4,4.66,14.68,25.20,41.72,67.47,20,3,8,30,7,8,61,15,7,43,7,4,120,317,1,0,104,22,11,#REF!,#REF!,#REF!,137.00,58.65,41.35,68,32,64,#REF!,8,31,45,65,10,26,67,16,18,1558,813,16
MID,34.73,26.34,75.84,Qtr 4,3229.00,122.6,7.2,315.31,11.971,0.098,528,761,627,889,13.1,0,0,349,75,16.4,23.6,19.4,27.5,10.8,2.3,0:12:51,0:06:15,0:02:56,0:03:09,0:00:57,0:00:10,48,23,11,11,3,0,75,39,36,15,2,9.9,15.4,24.0,22.9,36.9,4.9,4.4,5.2,3.8,5.2,2.0,3.5,5.3,5.6,29.9,1.1,1.0,1.3,1.0,4.2,29.6,59.2,67.8,56.8,44.0,14.9,16.6,15.2,8.8,6.2,29,8,0,20,5,8,5,0,26,24,24,6,1,0,2,4,4,1,0,0,2,325,479,4,0,0,9,6,53,1161,1864,62,8,5,0,0,1,35,57,1,0,0,0:00:04,0:00:03,0:00:19,0:08:31,0:16:48,0:00:25,0:00:03,0:00:03,0,0,1,32,63,1,0,0,314.05,1.28,0.00,0.00,91.2,15.18,3.63,4008,1.24,0:16:05,0:05:14,0:02:57,0:00:29,0:00:06,61,19,11,1,0,90,48,13,1,4.49,15.04,25.24,41.91,67.83,14,2,6,35,8,7,51,9,6,55,4,6,124,424,2,4,106,13,12,#REF!,#REF!,#REF!,131.00,48.11,51.89,69,31,50,#REF!,9,22,50,64,9,27,70,16,14,1940,1313,17
DEF,34.73,34.73,100.01,Qtr 4,3668.00,105.6,7.2,343.54,9.891,0.094,907,1079,699,718,7.2,0,0,241,24,24.7,29.4,19.1,19.6,6.6,0.7,0:19:19,0:08:49,0:03:17,0:02:35,0:00:39,0:00:03,55,25,9,7,1,0,91,41,37,11,2,11.5,16.6,19.0,21.8,12.1,5.7,4.8,4.1,3.6,1.7,1.5,4.0,4.5,6.8,12.0,1.0,1.1,1.0,1.2,1.7,43.7,53.3,43.8,52.5,12.1,23.2,15.3,9.5,8.2,1.7,28,5,2,27,9,7,2,0,35,23,27,7,2,1,4,1,2,0,0,0,2,468,728,2,0,0,7,6,55,1414,2048,75,11,12,0,0,1,38,55,2,0,0,0:00:03,0:00:02,0:00:20,0:12:36,0:20:55,0:00:33,0:00:07,0:00:05,0,0,0,36,60,1,0,0,343.55,0.00,0.00,0.00,127.7,17.37,4.15,4562,1.24,0:24:56,0:05:54,0:02:21,0:00:27,0:00:09,71,16,6,1,0,119,56,14,1,4.54,14.37,25.50,42.11,68.91,9,3,3,75,14,9,73,13,6,53,13,2,137,265,2,2,126,26,8,#REF!,#REF!,#REF!,160.00,57.94,42.06,50,50,75,#REF!,5,15,98,60,20,20,77,14,9,1682,983,13
MID,34.73,34.73,100.01,Qtr 4,4241.00,122.1,7.0,346.30,9.970,0.082,742,1196,946,1070,6.8,0,0,278,9,17.5,28.2,22.3,25.2,6.6,0.2,0:15:42,0:09:47,0:04:27,0:03:47,0:00:46,0:00:00,45,28,12,10,2,0,96,52,45,13,0,12.4,17.7,23.4,21.0,0.0,6.0,5.1,5.1,3.5,0.0,1.5,4.0,6.0,6.4,0.0,1.0,1.2,1.4,1.1,0.0,52.9,75.3,63.0,66.4,0.0,29.3,20.7,14.1,10.2,0.0,33,3,0,27,19,8,5,0,29,26,30,7,0,7,4,7,1,0,0,0,3,445,702,2,0,0,4,5,69,1577,2412,91,10,10,0,0,1,37,56,2,0,0,0:00:02,0:00:02,0:00:27,0:12:06,0:21:04,0:00:37,0:00:06,0:00:05,0,0,1,34,60,1,0,0,344.88,1.42,0.00,0.00,104.0,19.98,4.78,5231,1.23,0:21:59,0:07:50,0:03:20,0:00:35,0:00:05,63,22,9,1,0,146,63,19,1,4.72,14.42,25.52,41.46,66.20,24,0,2,30,2,1,69,5,1,54,5,3,168,287,3,2,123,10,4,#REF!,#REF!,#REF!,137.00,56.10,43.90,50,50,25,#REF!,3,26,33,92,0,8,91,6,3,2303,1357,13
MID,34.73,21.53,62.00,Qtr 4,2571.00,119.4,5.6,244.09,11.335,0.095,499,698,756,579,1.5,0,0,39,0,19.4,27.1,29.4,22.5,1.5,0.0,0:10:31,0:05:10,0:03:36,0:02:06,0:00:07,0:00:00,48,24,16,9,0,0,65,41,24,2,0,10.6,18.2,23.4,19.2,0.0,4.7,5.3,5.2,3.4,0.0,1.6,3.1,4.1,17.7,0.0,1.0,1.0,1.0,3.2,0.0,37.0,64.6,55.5,20.6,0.0,15.8,17.9,11.7,3.7,0.0,19,4,4,19,10,2,0,0,27,24,13,2,0,0,3,5,0,0,0,0,0,279,418,0,0,0,1,1,24,1034,1406,44,6,6,0,0,0,40,54,1,0,0,0:00:00,0:00:01,0:00:12,0:08:03,0:12:39,0:00:25,0:00:04,0:00:03,0,0,0,37,58,1,0,0,242.90,1.20,0.00,0.00,113.6,11.77,2.81,3109,1.21,0:12:55,0:06:12,0:01:44,0:00:08,0:00:02,59,28,8,0,0,110,37,4,0,4.29,14.57,24.17,41.77,66.77,16,1,3,30,11,7,44,7,3,63,6,2,112,39,0,0,107,13,5,#REF!,#REF!,#REF!,125.00,41.12,58.88,54,46,60,#REF!,4,20,48,80,5,15,63,23,15,1374,618,2